<edmx:Edmx Version="1.0" xmlns:edmx="http://schemas.microsoft.com/ado/2007/06/edmx" xmlns:m="http://schemas.microsoft.com/ado/2007/08/dataservices/metadata" xmlns:sap="http://www.sap.com/Protocols/SAPData">
    <edmx:DataServices m:DataServiceVersion="2.0">
        <Schema Namespace="fc298f88b7c24dba125f4120" xml:lang="en" sap:schema-version="0000" xmlns="http://schemas.microsoft.com/ado/2008/09/edm">
            <EntityContainer Name="fc298f88b7c24dba125f4120_Entities" m:IsDefaultEntityContainer="true">
                <EntitySet Name="OrderSet" EntityType="fc298f88b7c24dba125f4120.Order" sap:creatable="true" sap:updatable="true" sap:deletable="true"/>
                <AssociationSet Name="OrderLocationLocation" Association="fc298f88b7c24dba125f4120.OrderLocationLocation" sap:creatable="true" sap:updatable="true" sap:deletable="true">
                    <End EntitySet="OrderSet" Role="FromRole_OrderLocationLocation"/>
                    <End EntitySet="LocationSet" Role="ToRole_OrderLocationLocation"/>
                </AssociationSet>
                <AssociationSet Name="OrderOperationOperation" Association="fc298f88b7c24dba125f4120.OrderOperationOperation" sap:creatable="true" sap:updatable="true" sap:deletable="true">
                    <End EntitySet="OrderSet" Role="FromRole_OrderOperationOperation"/>
                    <End EntitySet="OperationSet" Role="ToRole_OrderOperationOperation"/>
                </AssociationSet>
                <AssociationSet Name="OrderRelationNameTech" Association="fc298f88b7c24dba125f4120.OrderRelationNameTech" sap:creatable="true" sap:updatable="true" sap:deletable="true">
                    <End EntitySet="OrderSet" Role="FromRole_OrderRelationNameTech"/>
                    <End EntitySet="TechSet" Role="ToRole_OrderRelationNameTech"/>
                </AssociationSet>
                <EntitySet Name="LocationSet" EntityType="fc298f88b7c24dba125f4120.Location" sap:creatable="true" sap:updatable="true" sap:deletable="true"/>
                <EntitySet Name="OperationSet" EntityType="fc298f88b7c24dba125f4120.Operation" sap:creatable="true" sap:updatable="true" sap:deletable="true"/>
                <AssociationSet Name="OperationTechTech" Association="fc298f88b7c24dba125f4120.OperationTechTech" sap:creatable="true" sap:updatable="true" sap:deletable="true">
                    <End EntitySet="OperationSet" Role="FromRole_OperationTechTech"/>
                    <End EntitySet="TechSet" Role="ToRole_OperationTechTech"/>
                </AssociationSet>
                <EntitySet Name="TechSet" EntityType="fc298f88b7c24dba125f4120.Tech" sap:creatable="true" sap:updatable="true" sap:deletable="true"/>
                <EntitySet Name="PartsSet" EntityType="fc298f88b7c24dba125f4120.Parts" sap:creatable="true" sap:updatable="true" sap:deletable="true"/>
                <EntitySet Name="PReqsSet" EntityType="fc298f88b7c24dba125f4120.PReqs" sap:creatable="true" sap:updatable="true" sap:deletable="true"/>
                <EntitySet Name="QuerySet" EntityType="fc298f88b7c24dba125f4120.Query" sap:creatable="true" sap:updatable="true" sap:deletable="true"/>
                <EntitySet Name="MeetingRoomSet" EntityType="fc298f88b7c24dba125f4120.MeetingRoom" sap:creatable="true" sap:updatable="true" sap:deletable="true"/>
                <EntitySet Name="BuildingSet" EntityType="fc298f88b7c24dba125f4120.Building" sap:creatable="true" sap:updatable="true" sap:deletable="true"/>
                <EntitySet Name="MeetingRoomInventorySet" EntityType="fc298f88b7c24dba125f4120.MeetingRoomInventory" sap:creatable="true" sap:updatable="true" sap:deletable="true"/>
            </EntityContainer>
            <EntityType Name="Order">
                <Key>
                    <PropertyRef Name="ID"/>
                </Key>
                <Property Name="ID" Type="Edm.String" sap:creatable="true" sap:updatable="true" sap:deletable="true" sap:label="ID"/>
                <Property Name="OrdDescription" Type="Edm.String" sap:creatable="true" sap:updatable="true" sap:deletable="true" sap:label="OrdDescription"/>
                <Property Name="MainWorkCenter" Type="Edm.String" sap:creatable="true" sap:updatable="true" sap:deletable="true" sap:label="MainWorkCenter"/>
                <Property Name="OrdStatus" Type="Edm.String" sap:creatable="true" sap:updatable="true" sap:deletable="true" sap:label="OrdStatus"/>
                <Property Name="Priority" Type="Edm.String" sap:creatable="true" sap:updatable="true" sap:deletable="true" sap:label="Priority"/>
                <Property Name="CreationDate" Type="Edm.DateTime" sap:creatable="true" sap:updatable="true" sap:deletable="true" sap:display-format="Date" sap:label="CreationDate"/>
                <Property Name="Estimatedcost" Type="Edm.Decimal" sap:creatable="true" sap:updatable="true" sap:deletable="true" sap:label="Estimatedcost"/>
                <Property Name="Orderno" Type="Edm.String" sap:creatable="true" sap:updatable="true" sap:deletable="true" sap:label="Orderno"/>
                <Property Name="ReportedBy" Type="Edm.String" sap:creatable="true" sap:updatable="true" sap:deletable="true" sap:label="ReportedBy"/>
                <Property Name="Mobile" Type="Edm.String" sap:creatable="true" sap:updatable="true" sap:deletable="true" sap:label="Mobile"/>
                <Property Name="Email" Type="Edm.String" sap:creatable="true" sap:updatable="true" sap:deletable="true" sap:label="Email"/>
                <Property Name="___FK_eef3041b3c43d7160ead01e4" Type="Edm.String" sap:creatable="true" sap:updatable="true" sap:deletable="true" sap:label="___FK_eef3041b3c43d7160ead01e4"/>
                <Property Name="ORDLOC" Type="Edm.String" sap:creatable="true" sap:updatable="true" sap:deletable="true" sap:label="ORDLOC"/>
                <NavigationProperty Name="Location" Relationship="fc298f88b7c24dba125f4120.OrderLocationLocation" FromRole="FromRole_OrderLocationLocation" ToRole="ToRole_OrderLocationLocation"/>
                <NavigationProperty Name="Operation" Relationship="fc298f88b7c24dba125f4120.OrderOperationOperation" FromRole="FromRole_OrderOperationOperation" ToRole="ToRole_OrderOperationOperation"/>
                <NavigationProperty Name="RelationName" Relationship="fc298f88b7c24dba125f4120.OrderRelationNameTech" FromRole="FromRole_OrderRelationNameTech" ToRole="ToRole_OrderRelationNameTech"/>
            </EntityType>
            <Association Name="OrderLocationLocation">
                <End Type="fc298f88b7c24dba125f4120.Order" Multiplicity="1" Role="FromRole_OrderLocationLocation"/>
                <End Type="fc298f88b7c24dba125f4120.Location" Multiplicity="1" Role="ToRole_OrderLocationLocation"/>
                <ReferentialConstraint>
                    <Principal Role="ToRole_OrderLocationLocation">
                        <PropertyRef Name="ID"/>
                    </Principal>
                    <Dependent Role="FromRole_OrderLocationLocation">
                        <PropertyRef Name="___FK_eef3041b3c43d7160ead01e4"/>
                    </Dependent>
                </ReferentialConstraint>
            </Association>
            <Association Name="OrderOperationOperation">
                <End Type="fc298f88b7c24dba125f4120.Order" Multiplicity="1" Role="FromRole_OrderOperationOperation"/>
                <End Type="fc298f88b7c24dba125f4120.Operation" Multiplicity="*" Role="ToRole_OrderOperationOperation"/>
                <ReferentialConstraint>
                    <Principal Role="FromRole_OrderOperationOperation">
                        <PropertyRef Name="ID"/>
                    </Principal>
                    <Dependent Role="ToRole_OrderOperationOperation">
                        <PropertyRef Name="___FK_eeed3011fe8aa84b0ead01e4"/>
                    </Dependent>
                </ReferentialConstraint>
            </Association>
            <Association Name="OrderRelationNameTech">
                <End Type="fc298f88b7c24dba125f4120.Order" Multiplicity="1" Role="FromRole_OrderRelationNameTech"/>
                <End Type="fc298f88b7c24dba125f4120.Tech" Multiplicity="*" Role="ToRole_OrderRelationNameTech"/>
                <ReferentialConstraint>
                    <Principal Role="FromRole_OrderRelationNameTech">
                        <PropertyRef Name="ID"/>
                    </Principal>
                    <Dependent Role="ToRole_OrderRelationNameTech">
                        <PropertyRef Name="___FK_e9d0f36d0addcc010ead0abd"/>
                    </Dependent>
                </ReferentialConstraint>
            </Association>
            <EntityType Name="Location">
                <Key>
                    <PropertyRef Name="ID"/>
                </Key>
                <Property Name="ID" Type="Edm.String" sap:creatable="true" sap:updatable="true" sap:deletable="true" sap:label="ID"/>
                <Property Name="Street" Type="Edm.String" sap:creatable="true" sap:updatable="true" sap:deletable="true" sap:label="Street"/>
                <Property Name="LocationDescription" Type="Edm.String" sap:creatable="true" sap:updatable="true" sap:deletable="true" sap:label="LocationDescription"/>
                <Property Name="Ward" Type="Edm.String" sap:creatable="true" sap:updatable="true" sap:deletable="true" sap:label="Ward"/>
                <Property Name="BuildOwner" Type="Edm.String" sap:creatable="true" sap:updatable="true" sap:deletable="true" sap:label="BuildOwner"/>
                <Property Name="Phone" Type="Edm.String" sap:creatable="true" sap:updatable="true" sap:deletable="true" sap:label="Phone"/>
                <Property Name="LocationURL" Type="Edm.String" sap:creatable="true" sap:updatable="true" sap:deletable="true" sap:label="LocationURL"/>
                <Property Name="YTDWater" Type="Edm.Decimal" sap:creatable="true" sap:updatable="true" sap:deletable="true" sap:label="YTDWater"/>
                <Property Name="YTDHydro" Type="Edm.Decimal" sap:creatable="true" sap:updatable="true" sap:deletable="true" sap:label="YTDHydro"/>
                <Property Name="YTDOrders" Type="Edm.Decimal" sap:creatable="true" sap:updatable="true" sap:deletable="true" sap:label="YTDOrder"/>
                <Property Name="YTDProjects" Type="Edm.Decimal" sap:creatable="true" sap:updatable="true" sap:deletable="true" sap:label="YTDProjects"/>
                <Property Name="YTDCost" Type="Edm.Decimal" sap:creatable="true" sap:updatable="true" sap:deletable="true" sap:label="YTDCost"/>
                <Property Name="YTDUtilityCost" Type="Edm.Decimal" sap:creatable="true" sap:updatable="true" sap:deletable="true" sap:label="YTDProjectCost"/>
            </EntityType>
            <EntityType Name="Operation">
                <Key>
                    <PropertyRef Name="ID"/>
                </Key>
                <Property Name="ID" Type="Edm.String" sap:creatable="true" sap:updatable="true" sap:deletable="true" sap:label="ID"/>
                <Property Name="EstimatedHrs" Type="Edm.Decimal" sap:creatable="true" sap:updatable="true" sap:deletable="true" sap:label="EstimatedHrs"/>
                <Property Name="OpnDescription" Type="Edm.String" sap:creatable="true" sap:updatable="true" sap:deletable="true" sap:label="OpnDescription"/>
                <Property Name="OpnStatus" Type="Edm.String" sap:creatable="true" sap:updatable="true" sap:deletable="true" sap:label="OpnStatus"/>
                <Property Name="___FK_eeed3011fe8aa84b0ead01e4" Type="Edm.String" sap:creatable="true" sap:updatable="true" sap:deletable="true" sap:label="___FK_eeed3011fe8aa84b0ead01e4"/>
                <Property Name="___FK_35c5fcf6860c76330ead01e4" Type="Edm.String" sap:creatable="true" sap:updatable="true" sap:deletable="true" sap:label="___FK_35c5fcf6860c76330ead01e4"/>
                <NavigationProperty Name="Tech" Relationship="fc298f88b7c24dba125f4120.OperationTechTech" FromRole="FromRole_OperationTechTech" ToRole="ToRole_OperationTechTech"/>
            </EntityType>
            <Association Name="OperationTechTech">
                <End Type="fc298f88b7c24dba125f4120.Operation" Multiplicity="1" Role="FromRole_OperationTechTech"/>
                <End Type="fc298f88b7c24dba125f4120.Tech" Multiplicity="1" Role="ToRole_OperationTechTech"/>
                <ReferentialConstraint>
                    <Principal Role="ToRole_OperationTechTech">
                        <PropertyRef Name="ID"/>
                    </Principal>
                    <Dependent Role="FromRole_OperationTechTech">
                        <PropertyRef Name="___FK_35c5fcf6860c76330ead01e4"/>
                    </Dependent>
                </ReferentialConstraint>
            </Association>
            <EntityType Name="Tech">
                <Key>
                    <PropertyRef Name="ID"/>
                </Key>
                <Property Name="ID" Type="Edm.String" sap:creatable="true" sap:updatable="true" sap:deletable="true" sap:label="ID"/>
                <Property Name="TECH" Type="Edm.String" sap:creatable="true" sap:updatable="true" sap:deletable="true" sap:label="TECH"/>
                <Property Name="TechDescription" Type="Edm.String" sap:creatable="true" sap:updatable="true" sap:deletable="true" sap:label="TechDescription"/>
                <Property Name="TechPhone" Type="Edm.String" sap:creatable="true" sap:updatable="true" sap:deletable="true" sap:label="TechPhone"/>
                <Property Name="TechSuper" Type="Edm.String" sap:creatable="true" sap:updatable="true" sap:deletable="true" sap:label="TechSuper"/>
                <Property Name="Rate" Type="Edm.Decimal" sap:creatable="true" sap:updatable="true" sap:deletable="true" sap:label="Rate"/>
                <Property Name="Currency" Type="Edm.String" sap:creatable="true" sap:updatable="true" sap:deletable="true" sap:label="Currency"/>
                <Property Name="___FK_e9d0f36d0addcc010ead0abd" Type="Edm.String" sap:creatable="true" sap:updatable="true" sap:deletable="true" sap:label="___FK_e9d0f36d0addcc010ead0abd"/>
            </EntityType>
            <EntityType Name="Parts">
                <Key>
                    <PropertyRef Name="ID"/>
                </Key>
                <Property Name="ID" Type="Edm.String" sap:creatable="true" sap:updatable="true" sap:deletable="true" sap:label="ID"/>
                <Property Name="MatDescription" Type="Edm.String" sap:creatable="true" sap:updatable="true" sap:deletable="true" sap:label="MatDescription"/>
                <Property Name="MatCost" Type="Edm.Decimal" sap:creatable="true" sap:updatable="true" sap:deletable="true" sap:label="MatCost"/>
                <Property Name="Inventory" Type="Edm.Decimal" sap:creatable="true" sap:updatable="true" sap:deletable="true" sap:label="Inventory"/>
            </EntityType>
            <EntityType Name="PReqs">
                <Key>
                    <PropertyRef Name="ID"/>
                </Key>
                <Property Name="ID" Type="Edm.String" sap:creatable="true" sap:updatable="true" sap:deletable="true" sap:label="ID"/>
                <Property Name="VENDORID" Type="Edm.Decimal" sap:creatable="true" sap:updatable="true" sap:deletable="true" sap:label="VENDORID"/>
                <Property Name="VENDORNAME" Type="Edm.String" sap:creatable="true" sap:updatable="true" sap:deletable="true" sap:label="VENDORNAME"/>
                <Property Name="VENCODE" Type="Edm.String" sap:creatable="true" sap:updatable="true" sap:deletable="true" sap:label="VENCODE"/>
                <Property Name="SERVICE" Type="Edm.Decimal" sap:creatable="true" sap:updatable="true" sap:deletable="true" sap:label="SERVICE"/>
                <Property Name="SERVICENAME" Type="Edm.String" sap:creatable="true" sap:updatable="true" sap:deletable="true" sap:label="SERVICENAME"/>
                <Property Name="SERVCODE" Type="Edm.String" sap:creatable="true" sap:updatable="true" sap:deletable="true" sap:label="SERVCODE"/>
                <Property Name="PGRP" Type="Edm.String" sap:creatable="true" sap:updatable="true" sap:deletable="true" sap:label="PGRP"/>
            </EntityType>
            <EntityType Name="Query">
                <Key>
                    <PropertyRef Name="ID"/>
                </Key>
                <Property Name="ID" Type="Edm.String" sap:creatable="true" sap:updatable="true" sap:deletable="true" sap:label="ID"/>
            </EntityType>
            <EntityType Name="MeetingRoom">
                <Key>
                    <PropertyRef Name="ID"/>
                </Key>
                <Property Name="ID" Type="Edm.String" sap:creatable="true" sap:updatable="true" sap:deletable="true" sap:label="ID"/>
            </EntityType>
            <EntityType Name="Building">
                <Key>
                    <PropertyRef Name="ID"/>
                </Key>
                <Property Name="ID" Type="Edm.String" sap:creatable="true" sap:updatable="true" sap:deletable="true" sap:label="ID"/>
            </EntityType>
            <EntityType Name="MeetingRoomInventory">
                <Key>
                    <PropertyRef Name="ID"/>
                </Key>
                <Property Name="ID" Type="Edm.String" sap:creatable="true" sap:updatable="true" sap:deletable="true" sap:label="ID"/>
                <Property Name="Quantity" Type="Edm.Decimal" sap:creatable="true" sap:updatable="true" sap:deletable="true" sap:label="Quantity"/>
            </EntityType>
        </Schema>
    </edmx:DataServices>
</edmx:Edmx>
