[{"ID":"WR0001","OrdDescription":"REPLACE FURNACE","MainWorkCenter":"HVAC","OrdStatus":"Backlog","Priority":"Low","CreationDate":"/Date(1503964800000)/","Estimatedcost":953.66,"Orderno":"100001","ReportedBy":"Jeremy","Mobile":"613-836-2535","Email":"Jeremy@sample.com","___FK_eef3041b3c43d7160ead01e4":"AIRPO","ORDLOC":"100001 REPLACE FURNACE"},{"ID":"WR0002","OrdDescription":"SERVICE ALL PUMPS PER MANUFACTURER’S INS","MainWorkCenter":"MECH","OrdStatus":"Dispatched","Priority":"Medium","CreationDate":"/Date(1504051200000)/","Estimatedcost":7183,"Orderno":"100002","ReportedBy":"Tina","Mobile":"613-922-7284","Email":"Tina@sample.com","___FK_eef3041b3c43d7160ead01e4":"ALBER","ORDLOC":"100002 SERVICE ALL PUMPS PER MANUFACTURER’S INS"},{"ID":"WR0003","OrdDescription":"TRIM AND PRUNE SHRUBS AND TREES.","MainWorkCenter":"LAND","OrdStatus":"Planned","Priority":"Low","CreationDate":"/Date(1504051200000)/","Estimatedcost":269,"Orderno":"100003","ReportedBy":"Alice","Mobile":"613-378-4613","Email":"Alice@sample.com","___FK_eef3041b3c43d7160ead01e4":"ALBIO","ORDLOC":"100003 TRIM AND PRUNE SHRUBS AND TREES."},{"ID":"WR0004","OrdDescription":"FERTILIZE LAWN.","MainWorkCenter":"LAND","OrdStatus":"Dispatched","Priority":"Low","CreationDate":"/Date(1504051200000)/","Estimatedcost":990.77,"Orderno":"100004","ReportedBy":"Kathy","Mobile":"613-759-1374","Email":"Kathy@sample.com","___FK_eef3041b3c43d7160ead01e4":"HAZEL","ORDLOC":"100004 FERTILIZE LAWN."},{"ID":"WR0005","OrdDescription":"REPLACE PUMP","MainWorkCenter":"MECH","OrdStatus":"Dispatched","Priority":"Low","CreationDate":"/Date(1504051200000)/","Estimatedcost":7402.2,"Orderno":"100005","ReportedBy":"Ryan","Mobile":"613-434-8997","Email":"Ryan@sample.com","___FK_eef3041b3c43d7160ead01e4":"HEMLO","ORDLOC":"100005 REPLACE PUMP"},{"ID":"WR0006","OrdDescription":"INSPECT AND CLEAN OUT GREASE TRAPS.","MainWorkCenter":"MECH","OrdStatus":"Planned","Priority":"Safety","CreationDate":"/Date(1504051200000)/","Estimatedcost":8516.66,"Orderno":"100006","ReportedBy":"Tammy","Mobile":"613-214-7483","Email":"Tammy@sample.com","___FK_eef3041b3c43d7160ead01e4":"LYON","ORDLOC":"100006 INSPECT AND CLEAN OUT GREASE TRAPS."},{"ID":"WR0007","OrdDescription":"CHECK ALL SITE DRAINS.","MainWorkCenter":"CREW","OrdStatus":"Dispatched","Priority":"Low","CreationDate":"/Date(1504051200000)/","Estimatedcost":7346.78,"Orderno":"100007","ReportedBy":"Terry","Mobile":"613-927-4638","Email":"Terry@sample.com","___FK_eef3041b3c43d7160ead01e4":"MACKE","ORDLOC":"100007 CHECK ALL SITE DRAINS."},{"ID":"WR0008","OrdDescription":"REPAIR OR CHECK NON-FUNCTIONING SWITCH","MainWorkCenter":"ELEC","OrdStatus":"Dispatched","Priority":"Medium","CreationDate":"/Date(1504051200000)/","Estimatedcost":4772.84,"Orderno":"100008","ReportedBy":"Andrew","Mobile":"613-158-1787","Email":"Andrew@sample.com","___FK_eef3041b3c43d7160ead01e4":"MERB","ORDLOC":"100008 REPAIR OR CHECK NON-FUNCTIONING SWITCH"},{"ID":"WR0009","OrdDescription":"REPLACE EXTERIOR DOORS FOR PROPER OPERATIO","MainWorkCenter":"STRC","OrdStatus":"Planned","Priority":"High","CreationDate":"/Date(1504051200000)/","Estimatedcost":8404.18,"Orderno":"100009","ReportedBy":"Benjamin","Mobile":"613-273-3664","Email":"Benjamin@sample.com","___FK_eef3041b3c43d7160ead01e4":"MERIV","ORDLOC":"100009 REPLACE EXTERIOR DOORS FOR PROPER OPERATIO"},{"ID":"WR0010","OrdDescription":"TEST ALL EXIT LIGHTS.","MainWorkCenter":"ELEC","OrdStatus":"Planned","Priority":"Safety","CreationDate":"/Date(1504137600000)/","Estimatedcost":3840,"Orderno":"100010","ReportedBy":"Angela","Mobile":"613-952-8262","Email":"Angela@sample.com","___FK_eef3041b3c43d7160ead01e4":"ALTA","ORDLOC":"100010 TEST ALL EXIT LIGHTS."},{"ID":"WR0011","OrdDescription":"TRIM AND PRUNE SHRUBS AND TREES.","MainWorkCenter":"LAND","OrdStatus":"Dispatched","Priority":"Low","CreationDate":"/Date(1504137600000)/","Estimatedcost":8041.14,"Orderno":"100011","ReportedBy":"Marie","Mobile":"613-550-3163","Email":"Marie@sample.com","___FK_eef3041b3c43d7160ead01e4":"HERON","ORDLOC":"100011 TRIM AND PRUNE SHRUBS AND TREES."},{"ID":"WR0012","OrdDescription":"CHECK AND SECURE GUTTERS","MainWorkCenter":"CREW","OrdStatus":"Planned","Priority":"Safety","CreationDate":"/Date(1504137600000)/","Estimatedcost":8161.05,"Orderno":"100012","ReportedBy":"Douglas","Mobile":"613-756-7389","Email":"Douglas@sample.com","___FK_eef3041b3c43d7160ead01e4":"MADAW","ORDLOC":"100012 CHECK AND SECURE GUTTERS"},{"ID":"WR0013","OrdDescription":"SERVICE LAWNMOWERS & OTHER EQUIPMENT","MainWorkCenter":"MECH","OrdStatus":"Planned","Priority":"Safety","CreationDate":"/Date(1504137600000)/","Estimatedcost":5050.66,"Orderno":"100013","ReportedBy":"Helen","Mobile":"613-953-5096","Email":"Helen@sample.com","___FK_eef3041b3c43d7160ead01e4":"METCA","ORDLOC":"100013 SERVICE LAWNMOWERS & OTHER EQUIPMENT"},{"ID":"WR0014","OrdDescription":"CHECK FLOORS FOR BROKEN TILES OR TORN CA","MainWorkCenter":"SHOP","OrdStatus":"Backlog","Priority":"High","CreationDate":"/Date(1504224000000)/","Estimatedcost":1788,"Orderno":"100014","ReportedBy":"Todd","Mobile":"613-588-6102","Email":"Todd@sample.com","___FK_eef3041b3c43d7160ead01e4":"ANDER","ORDLOC":"100014 CHECK FLOORS FOR BROKEN TILES OR TORN CA"},{"ID":"WR0015","OrdDescription":"WASH WINDOWS.","MainWorkCenter":"CREW","OrdStatus":"Dispatched","Priority":"Low","CreationDate":"/Date(1504224000000)/","Estimatedcost":1660,"Orderno":"100015","ReportedBy":"Christina","Mobile":"613-806-4426","Email":"Christina@sample.com","___FK_eef3041b3c43d7160ead01e4":"AVIAT","ORDLOC":"100015 WASH WINDOWS."},{"ID":"WR0016","OrdDescription":"REPLACE EXIT LIGHT","MainWorkCenter":"ELEC","OrdStatus":"Planned","Priority":"Low","CreationDate":"/Date(1504224000000)/","Estimatedcost":7692.48,"Orderno":"100016","ReportedBy":"Jason","Mobile":"613-530-7460","Email":"Jason@sample.com","___FK_eef3041b3c43d7160ead01e4":"HIGHL","ORDLOC":"100016 REPLACE EXIT LIGHT"},{"ID":"WR0017","OrdDescription":"REPLACE FLOORS FOR BROKEN TILES OR TORN CA","MainWorkCenter":"SHOP","OrdStatus":"Planned","Priority":"High","CreationDate":"/Date(1504224000000)/","Estimatedcost":6203.2,"Orderno":"100017","ReportedBy":"Julie","Mobile":"613-960-9394","Email":"Julie@sample.com","___FK_eef3041b3c43d7160ead01e4":"HIGHW","ORDLOC":"100017 REPLACE FLOORS FOR BROKEN TILES OR TORN CA"},{"ID":"WR0018","OrdDescription":"CHECK BURNED OUT LIGHT BULBS.  ","MainWorkCenter":"ELEC","OrdStatus":"Dispatched","Priority":"Safety","CreationDate":"/Date(1504224000000)/","Estimatedcost":1837.2,"Orderno":"100018","ReportedBy":"Maria","Mobile":"613-711-8571","Email":"Maria@sample.com","___FK_eef3041b3c43d7160ead01e4":"MAIN","ORDLOC":"100018 CHECK BURNED OUT LIGHT BULBS.  "},{"ID":"WR0019","OrdDescription":"CHECK BROKEN WINDOW GLASS AS NEEDED.","MainWorkCenter":"CREW","OrdStatus":"Planned","Priority":"Low","CreationDate":"/Date(1504224000000)/","Estimatedcost":3933.96,"Orderno":"100019","ReportedBy":"Jimmy","Mobile":"613-258-7884","Email":"Jimmy@sample.com","___FK_eef3041b3c43d7160ead01e4":"MAITL","ORDLOC":"100019 CHECK BROKEN WINDOW GLASS AS NEEDED."},{"ID":"WR0020","OrdDescription":"REPLACE WALKWAY SURFACES, PATCH AND REPAIR","MainWorkCenter":"CREW","OrdStatus":"Dispatched","Priority":"Medium","CreationDate":"/Date(1504224000000)/","Estimatedcost":2052.56,"Orderno":"100020","ReportedBy":"Edward","Mobile":"613-757-4312","Email":"Edward@sample.com","___FK_eef3041b3c43d7160ead01e4":"MILTO","ORDLOC":"100020 REPLACE WALKWAY SURFACES, PATCH AND REPAIR"},{"ID":"WR0021","OrdDescription":"CHECK CRACKED OR MISSING PUTTY OR CAUL","MainWorkCenter":"STRC","OrdStatus":"Planned","Priority":"Safety","CreationDate":"/Date(1504224000000)/","Estimatedcost":4366.4,"Orderno":"100021","ReportedBy":"Bobby","Mobile":"613-486-2217","Email":"Bobby@sample.com","___FK_eef3041b3c43d7160ead01e4":"MITCH","ORDLOC":"100021 CHECK CRACKED OR MISSING PUTTY OR CAUL"},{"ID":"WR0022","OrdDescription":"FLUSH WINDOW AC UNIT COILS WITH WATER TO","MainWorkCenter":"HVAC","OrdStatus":"Backlog","Priority":"Safety","CreationDate":"/Date(1504310400000)/","Estimatedcost":5559,"Orderno":"100022","ReportedBy":"Jerry","Mobile":"613-555-3637","Email":"Jerry@sample.com","___FK_eef3041b3c43d7160ead01e4":"BANK","ORDLOC":"100022 FLUSH WINDOW AC UNIT COILS WITH WATER TO"},{"ID":"WR0023","OrdDescription":"REPLACE HARDWOOD","MainWorkCenter":"SHOP","OrdStatus":"Dispatched","Priority":"Low","CreationDate":"/Date(1504310400000)/","Estimatedcost":2334,"Orderno":"100023","ReportedBy":"Frank","Mobile":"613-963-6176","Email":"Frank@sample.com","___FK_eef3041b3c43d7160ead01e4":"BANKF","ORDLOC":"100023 REPLACE HARDWOOD"},{"ID":"WR0024","OrdDescription":"WASH WINDOWS.","MainWorkCenter":"CREW","OrdStatus":"Dispatched","Priority":"Safety","CreationDate":"/Date(1504310400000)/","Estimatedcost":1885.22,"Orderno":"100024","ReportedBy":"Matthew","Mobile":"613-998-9661","Email":"Matthew@sample.com","___FK_eef3041b3c43d7160ead01e4":"HIGHW","ORDLOC":"100024 WASH WINDOWS."},{"ID":"WR0025","OrdDescription":"FLUSH WINDOW AC UNIT COILS WITH WATER TO","MainWorkCenter":"HVAC","OrdStatus":"Planned","Priority":"Safety","CreationDate":"/Date(1504310400000)/","Estimatedcost":2247.04,"Orderno":"100025","ReportedBy":"Jeffrey","Mobile":"613-947-4729","Email":"Jeffrey@sample.com","___FK_eef3041b3c43d7160ead01e4":"HOGS","ORDLOC":"100025 FLUSH WINDOW AC UNIT COILS WITH WATER TO"},{"ID":"WR0026","OrdDescription":"INSPECT AND REPAIR METAL FLASHINGS.","MainWorkCenter":"STRC","OrdStatus":"Dispatched","Priority":"High","CreationDate":"/Date(1504310400000)/","Estimatedcost":8084.67,"Orderno":"100026","ReportedBy":"Barbara","Mobile":"613-930-5842","Email":"Barbara@sample.com","___FK_eef3041b3c43d7160ead01e4":"MANOT","ORDLOC":"100026 INSPECT AND REPAIR METAL FLASHINGS."},{"ID":"WR0027","OrdDescription":"REPAIR OR CHECK FRAYED WIRES IMMEDIATE","MainWorkCenter":"ELEC","OrdStatus":"Planned","Priority":"Safety","CreationDate":"/Date(1504310400000)/","Estimatedcost":9643.98,"Orderno":"100027","ReportedBy":"Randy","Mobile":"613-424-2248","Email":"Randy@sample.com","___FK_eef3041b3c43d7160ead01e4":"MARCH","ORDLOC":"100027 REPAIR OR CHECK FRAYED WIRES IMMEDIATE"},{"ID":"WR0028","OrdDescription":"SCRAPE, PRIME AND PAINT BUILDING EXTERIO","MainWorkCenter":"STRC","OrdStatus":"Planned","Priority":"Safety","CreationDate":"/Date(1504310400000)/","Estimatedcost":4617.23,"Orderno":"100028","ReportedBy":"Roger","Mobile":"613-386-6769","Email":"Roger@sample.com","___FK_eef3041b3c43d7160ead01e4":"MONTR","ORDLOC":"100028 SCRAPE, PRIME AND PAINT BUILDING EXTERIO"},{"ID":"WR0029","OrdDescription":"REMOVE AND REPLACE ALL DAMAGED EXTENSION CORDS.","MainWorkCenter":"ELEC","OrdStatus":"Dispatched","Priority":"Low","CreationDate":"/Date(1504310400000)/","Estimatedcost":6387.13,"Orderno":"100029","ReportedBy":"Daniel","Mobile":"613-916-8516","Email":"Daniel@sample.com","___FK_eef3041b3c43d7160ead01e4":"MOODI","ORDLOC":"100029 REMOVE AND REPLACE ALL DAMAGED EXTENSION CORDS."},{"ID":"WR0030","OrdDescription":"PUMP OUT SEPTIC TANKS.  DATE LAST CLEANE","MainWorkCenter":"PLMB","OrdStatus":"Dispatched","Priority":"Low","CreationDate":"/Date(1504483200000)/","Estimatedcost":5530,"Orderno":"100030","ReportedBy":"Lillian","Mobile":"613-521-1598","Email":"Lillian@sample.com","___FK_eef3041b3c43d7160ead01e4":"BASEL","ORDLOC":"100030 PUMP OUT SEPTIC TANKS.  DATE LAST CLEANE"},{"ID":"WR0031","OrdDescription":"RESEED WORN LAWN AREAS.","MainWorkCenter":"LAND","OrdStatus":"Dispatched","Priority":"Low","CreationDate":"/Date(1504483200000)/","Estimatedcost":3496,"Orderno":"100031","ReportedBy":"Justin","Mobile":"613-686-3313","Email":"Justin@sample.com","___FK_eef3041b3c43d7160ead01e4":"BEECH","ORDLOC":"100031 RESEED WORN LAWN AREAS."},{"ID":"WR0032","OrdDescription":"REPAIR LEAKING PIPE","MainWorkCenter":"PLMB","OrdStatus":"Planned","Priority":"Medium","CreationDate":"/Date(1504483200000)/","Estimatedcost":5419.37,"Orderno":"100032","ReportedBy":"Donald","Mobile":"613-230-2947","Email":"Donald@sample.com","___FK_eef3041b3c43d7160ead01e4":"HOLLY","ORDLOC":"100032 REPAIR LEAKING PIPE"},{"ID":"WR0033","OrdDescription":"PUMP OUT SEPTIC TANKS.  DATE LAST CLEANE","MainWorkCenter":"PLMB","OrdStatus":"Planned","Priority":"Low","CreationDate":"/Date(1504483200000)/","Estimatedcost":8242.13,"Orderno":"100033","ReportedBy":"Rose","Mobile":"613-344-7238","Email":"Rose@sample.com","___FK_eef3041b3c43d7160ead01e4":"HOPE","ORDLOC":"100033 PUMP OUT SEPTIC TANKS.  DATE LAST CLEANE"},{"ID":"WR0034","OrdDescription":"INSURE SPACE IN FRONT OF ELECTRICAL PANE","MainWorkCenter":"ELEC","OrdStatus":"Planned","Priority":"Low","CreationDate":"/Date(1504483200000)/","Estimatedcost":4300.36,"Orderno":"100034","ReportedBy":"Nancy","Mobile":"613-802-2180","Email":"Nancy@sample.com","___FK_eef3041b3c43d7160ead01e4":"MARVE","ORDLOC":"100034 INSURE SPACE IN FRONT OF ELECTRICAL PANE"},{"ID":"WR0035","OrdDescription":"REPAIR AND/OR PAINT FENCES.","MainWorkCenter":"CREW","OrdStatus":"Backlog","Priority":"High","CreationDate":"/Date(1504483200000)/","Estimatedcost":6991.78,"Orderno":"100035","ReportedBy":"Julia","Mobile":"613-965-6880","Email":"Julia@sample.com","___FK_eef3041b3c43d7160ead01e4":"MCART","ORDLOC":"100035 REPAIR AND/OR PAINT FENCES."},{"ID":"WR0036","OrdDescription":"INSPECT EXTERIOR WALLS FOR LOOSE MORTAR,","MainWorkCenter":"STRC","OrdStatus":"Dispatched","Priority":"Low","CreationDate":"/Date(1504483200000)/","Estimatedcost":3499.85,"Orderno":"100036","ReportedBy":"Lawrence","Mobile":"613-374-7851","Email":"Lawrence@sample.com","___FK_eef3041b3c43d7160ead01e4":"MUNST","ORDLOC":"100036 INSPECT EXTERIOR WALLS FOR LOOSE MORTAR,"},{"ID":"WR0037","OrdDescription":"CHECK WINDOWS, BLINDS, DRAPERIES, ETC.","MainWorkCenter":"STRC","OrdStatus":"Dispatched","Priority":"Low","CreationDate":"/Date(1504483200000)/","Estimatedcost":7071.74,"Orderno":"100037","ReportedBy":"Anna","Mobile":"613-261-9353","Email":"Anna@sample.com","___FK_eef3041b3c43d7160ead01e4":"MURRA","ORDLOC":"100037 CHECK WINDOWS, BLINDS, DRAPERIES, ETC."},{"ID":"WR0038","OrdDescription":"REPALCE REFRIGERATOR","MainWorkCenter":"APPL","OrdStatus":"Planned","Priority":"Low","CreationDate":"/Date(1504742400000)/","Estimatedcost":6473,"Orderno":"100038","ReportedBy":"Carlos","Mobile":"613-333-2009","Email":"Carlos@sample.com","___FK_eef3041b3c43d7160ead01e4":"BLAIR","ORDLOC":"100038 REPALCE REFRIGERATOR"},{"ID":"WR0039","OrdDescription":"RESEED WORN LAWN AREAS.","MainWorkCenter":"LAND","OrdStatus":"Dispatched","Priority":"High","CreationDate":"/Date(1504742400000)/","Estimatedcost":4128.69,"Orderno":"100039","ReportedBy":"Marilyn","Mobile":"613-525-7525","Email":"Marilyn@sample.com","___FK_eef3041b3c43d7160ead01e4":"HUNT","ORDLOC":"100039 RESEED WORN LAWN AREAS."},{"ID":"WR0040","OrdDescription":"REMOVE AND REPLACE CARPERT","MainWorkCenter":"FLOR","OrdStatus":"Planned","Priority":"High","CreationDate":"/Date(1504742400000)/","Estimatedcost":4741.98,"Orderno":"100040","ReportedBy":"Martha","Mobile":"613-298-8615","Email":"Martha@sample.com","___FK_eef3041b3c43d7160ead01e4":"MCBEA","ORDLOC":"100040 REMOVE AND REPLACE CARPERT"},{"ID":"WR0041","OrdDescription":"REMOVE AND REPLACE AND DISPOSE OF ALL FALLEN TREE LI","MainWorkCenter":"CREW","OrdStatus":"Planned","Priority":"Low","CreationDate":"/Date(1504742400000)/","Estimatedcost":1983.47,"Orderno":"100041","ReportedBy":"Robert","Mobile":"613-949-3177","Email":"Robert@sample.com","___FK_eef3041b3c43d7160ead01e4":"NAVAN","ORDLOC":"100041 REMOVE AND REPLACE AND DISPOSE OF ALL FALLEN TREE LI"},{"ID":"WR0042","OrdDescription":"REPLACE ALL WASHABLE WINDOW AC UNIT FILT","MainWorkCenter":"HVAC","OrdStatus":"Planned","Priority":"High","CreationDate":"/Date(1504828800000)/","Estimatedcost":7253,"Orderno":"100042","ReportedBy":"Carolyn","Mobile":"613-201-2401","Email":"Carolyn@sample.com","___FK_eef3041b3c43d7160ead01e4":"BOOTH","ORDLOC":"100042 REPLACE ALL WASHABLE WINDOW AC UNIT FILT"},{"ID":"WR0043","OrdDescription":"REPAIR WALL","MainWorkCenter":"STRC","OrdStatus":"Dispatched","Priority":"Safety","CreationDate":"/Date(1504828800000)/","Estimatedcost":3309,"Orderno":"100043","ReportedBy":"Dennis","Mobile":"613-289-4432","Email":"Dennis@sample.com","___FK_eef3041b3c43d7160ead01e4":"BOUND","ORDLOC":"100043 REPAIR WALL"},{"ID":"WR0044","OrdDescription":"REPALCE REFRIGERATOR","MainWorkCenter":"APPL","OrdStatus":"Dispatched","Priority":"Low","CreationDate":"/Date(1504828800000)/","Estimatedcost":9534.14,"Orderno":"100044","ReportedBy":"Henry","Mobile":"613-344-3481","Email":"Henry@sample.com","___FK_eef3041b3c43d7160ead01e4":"HUNTL","ORDLOC":"100044 REPALCE REFRIGERATOR"},{"ID":"WR0045","OrdDescription":"REPLACE HARDWOOD","MainWorkCenter":"FLOR","OrdStatus":"Planned","Priority":"High","CreationDate":"/Date(1504828800000)/","Estimatedcost":2356.18,"Orderno":"100045","ReportedBy":"Ruth","Mobile":"613-753-2781","Email":"Ruth@sample.com","___FK_eef3041b3c43d7160ead01e4":"HUNTM","ORDLOC":"100045 REPLACE HARDWOOD"},{"ID":"WR0046","OrdDescription":"REPLACE SPLIT SYSTEM AC UNITS, CLEAR OF DE","MainWorkCenter":"HVAC","OrdStatus":"Dispatched","Priority":"High","CreationDate":"/Date(1504828800000)/","Estimatedcost":7013.02,"Orderno":"100046","ReportedBy":"Deborah","Mobile":"613-111-5077","Email":"Deborah@sample.com","___FK_eef3041b3c43d7160ead01e4":"MEADO","ORDLOC":"100046 REPLACE SPLIT SYSTEM AC UNITS, CLEAR OF DE"},{"ID":"WR0047","OrdDescription":"SERVICE WELL PUMP AND WATER STORAGE TANK","MainWorkCenter":"MECH","OrdStatus":"Planned","Priority":"High","CreationDate":"/Date(1504828800000)/","Estimatedcost":1882.79,"Orderno":"100047","ReportedBy":"Shawn","Mobile":"613-226-3632","Email":"Shawn@sample.com","___FK_eef3041b3c43d7160ead01e4":"NCCS","ORDLOC":"100047 SERVICE WELL PUMP AND WATER STORAGE TANK"},{"ID":"WR0048","OrdDescription":"REPLACE AND SERVICE PLAYGROUND EQUIPMENT A","MainWorkCenter":"CREW","OrdStatus":"Dispatched","Priority":"Safety","CreationDate":"/Date(1504828800000)/","Estimatedcost":6794.59,"Orderno":"100048","ReportedBy":"Susan","Mobile":"613-394-6443","Email":"Susan@sample.com","___FK_eef3041b3c43d7160ead01e4":"NICHO","ORDLOC":"100048 REPLACE AND SERVICE PLAYGROUND EQUIPMENT A"},{"ID":"WR0049","OrdDescription":"REPLACE SPLIT SYSTEM AC UNITS, FLUSH DIR","MainWorkCenter":"HVAC","OrdStatus":"Planned","Priority":"Safety","CreationDate":"/Date(1504915200000)/","Estimatedcost":5956,"Orderno":"100049","ReportedBy":"Scott","Mobile":"613-701-9819","Email":"Scott@sample.com","___FK_eef3041b3c43d7160ead01e4":"BRIDG","ORDLOC":"100049 REPLACE SPLIT SYSTEM AC UNITS, FLUSH DIR"},{"ID":"WR0050","OrdDescription":"REMOVE ANY MATERIALS AGAINST WALL THAT A","MainWorkCenter":"CREW","OrdStatus":"Planned","Priority":"Medium","CreationDate":"/Date(1504915200000)/","Estimatedcost":2165,"Orderno":"100050","ReportedBy":"Kathryn","Mobile":"613-581-5999","Email":"Kathryn@sample.com","___FK_eef3041b3c43d7160ead01e4":"BRONS","ORDLOC":"100050 REMOVE ANY MATERIALS AGAINST WALL THAT A"},{"ID":"WR0051","OrdDescription":"REPAIR WALL","MainWorkCenter":"CREW","OrdStatus":"Planned","Priority":"Safety","CreationDate":"/Date(1504915200000)/","Estimatedcost":1813.09,"Orderno":"100051","ReportedBy":"Steven","Mobile":"613-936-5886","Email":"Steven@sample.com","___FK_eef3041b3c43d7160ead01e4":"INDUS","ORDLOC":"100051 REPAIR WALL"},{"ID":"WR0052","OrdDescription":"AC NOT WORKING","MainWorkCenter":"HVAC","OrdStatus":"Dispatched","Priority":"Medium","CreationDate":"/Date(1504915200000)/","Estimatedcost":2906.68,"Orderno":"100052","ReportedBy":"Raymond","Mobile":"613-544-2817","Email":"Raymond@sample.com","___FK_eef3041b3c43d7160ead01e4":"INNES","ORDLOC":"100052 AC NOT WORKING"},{"ID":"WR0053","OrdDescription":"REPLACE FLOORING AND TILES","MainWorkCenter":"FLOR","OrdStatus":"Planned","Priority":"Safety","CreationDate":"/Date(1504915200000)/","Estimatedcost":8997.76,"Orderno":"100053","ReportedBy":"Kathleen","Mobile":"613-640-4771","Email":"Kathleen@sample.com","___FK_eef3041b3c43d7160ead01e4":"NORTH","ORDLOC":"100053 REPLACE FLOORING AND TILES"},{"ID":"WR0054","OrdDescription":"WASH ACCUMULATED DIRT FROM BUILDING SURF","MainWorkCenter":"FLOR","OrdStatus":"Planned","Priority":"Medium","CreationDate":"/Date(1504915200000)/","Estimatedcost":2059.82,"Orderno":"100054","ReportedBy":"Louise","Mobile":"613-137-6288","Email":"Louise@sample.com","___FK_eef3041b3c43d7160ead01e4":"NORTH","ORDLOC":"100054 WASH ACCUMULATED DIRT FROM BUILDING SURF"},{"ID":"WR0055","OrdDescription":"REPLACE ROOF VALLEYS.","MainWorkCenter":"STRC","OrdStatus":"Planned","Priority":"Low","CreationDate":"/Date(1505088000000)/","Estimatedcost":1535,"Orderno":"100055","ReportedBy":"Donna","Mobile":"613-294-8555","Email":"Donna@sample.com","___FK_eef3041b3c43d7160ead01e4":"BROOK","ORDLOC":"100055 REPLACE ROOF VALLEYS."},{"ID":"WR0056","OrdDescription":"REPLACE STOVE","MainWorkCenter":"APPL","OrdStatus":"Dispatched","Priority":"High","CreationDate":"/Date(1505088000000)/","Estimatedcost":1563,"Orderno":"100056","ReportedBy":"David","Mobile":"613-808-8924","Email":"David@sample.com","___FK_eef3041b3c43d7160ead01e4":"CAMBR","ORDLOC":"100056 REPLACE STOVE"},{"ID":"WR0057","OrdDescription":"REPAIR FLOORING CRACKS","MainWorkCenter":"FLOR","OrdStatus":"Backlog","Priority":"Medium","CreationDate":"/Date(1505088000000)/","Estimatedcost":7949.97,"Orderno":"100057","ReportedBy":"Kelly","Mobile":"613-196-1139","Email":"Kelly@sample.com","___FK_eef3041b3c43d7160ead01e4":"ISLAN","ORDLOC":"100057 REPAIR FLOORING CRACKS"},{"ID":"WR0058","OrdDescription":"CHECK ROOF VALLEYS.","MainWorkCenter":"STRC","OrdStatus":"Dispatched","Priority":"Medium","CreationDate":"/Date(1505088000000)/","Estimatedcost":6501.87,"Orderno":"100058","ReportedBy":"Clarence","Mobile":"613-744-3469","Email":"Clarence@sample.com","___FK_eef3041b3c43d7160ead01e4":"JEANN","ORDLOC":"100058 CHECK ROOF VALLEYS."},{"ID":"WR0059","OrdDescription":"SERVICE ALL VENTILATING EQUIPMENT.","MainWorkCenter":"HVAC","OrdStatus":"Planned","Priority":"Low","CreationDate":"/Date(1505088000000)/","Estimatedcost":845.69,"Orderno":"100059","ReportedBy":"Gregory","Mobile":"613-465-1407","Email":"Gregory@sample.com","___FK_eef3041b3c43d7160ead01e4":"OGILV","ORDLOC":"100059 SERVICE ALL VENTILATING EQUIPMENT."},{"ID":"WR0060","OrdDescription":"PAINT GARAGE","MainWorkCenter":"CREW","OrdStatus":"Dispatched","Priority":"High","CreationDate":"/Date(1505088000000)/","Estimatedcost":1978.53,"Orderno":"100060","ReportedBy":"Richard","Mobile":"613-328-9368","Email":"Richard@sample.com","___FK_eef3041b3c43d7160ead01e4":"OLDM","ORDLOC":"100060 PAINT GARAGE"},{"ID":"WR0061","OrdDescription":"REPAIR GARAGE DOOR","MainWorkCenter":"MECH","OrdStatus":"Dispatched","Priority":"Low","CreationDate":"/Date(1505174400000)/","Estimatedcost":6789,"Orderno":"100061","ReportedBy":"Janice","Mobile":"613-766-1197","Email":"Janice@sample.com","___FK_eef3041b3c43d7160ead01e4":"CAMER","ORDLOC":"100061 REPAIR GARAGE DOOR"},{"ID":"WR0062","OrdDescription":"LUBRICATE EXTERIOR DOOR HINGES AND HARDW","MainWorkCenter":"MECH","OrdStatus":"Planned","Priority":"High","CreationDate":"/Date(1505174400000)/","Estimatedcost":5424,"Orderno":"100062","ReportedBy":"Andrea","Mobile":"613-961-6885","Email":"Andrea@sample.com","___FK_eef3041b3c43d7160ead01e4":"CAMPE","ORDLOC":"100062 LUBRICATE EXTERIOR DOOR HINGES AND HARDW"},{"ID":"WR0063","OrdDescription":"CHECK STOVE","MainWorkCenter":"APPL","OrdStatus":"Planned","Priority":"Medium","CreationDate":"/Date(1505174400000)/","Estimatedcost":4466.59,"Orderno":"100063","ReportedBy":"Elizabeth","Mobile":"613-557-9333","Email":"Elizabeth@sample.com","___FK_eef3041b3c43d7160ead01e4":"JOCKV","ORDLOC":"100063 CHECK STOVE"},{"ID":"WR0064","OrdDescription":"REPALCE WATER HEATER","MainWorkCenter":"MECH","OrdStatus":"Dispatched","Priority":"Low","CreationDate":"/Date(1505174400000)/","Estimatedcost":677.39,"Orderno":"100064","ReportedBy":"James","Mobile":"613-773-5398","Email":"James@sample.com","___FK_eef3041b3c43d7160ead01e4":"KATIM","ORDLOC":"100064 REPALCE WATER HEATER"},{"ID":"WR0065","OrdDescription":"REPAIR POTHOLES & RESTRIPE IF NECESSARY.","MainWorkCenter":"CREW","OrdStatus":"Dispatched","Priority":"Low","CreationDate":"/Date(1505174400000)/","Estimatedcost":9543.89,"Orderno":"100065","ReportedBy":"Bonnie","Mobile":"613-398-8695","Email":"Bonnie@sample.com","___FK_eef3041b3c43d7160ead01e4":"OLDP","ORDLOC":"100065 REPAIR POTHOLES & RESTRIPE IF NECESSARY."},{"ID":"WR0066","OrdDescription":"REPAIR LIGHT SWITCH","MainWorkCenter":"ELEC","OrdStatus":"Planned","Priority":"High","CreationDate":"/Date(1505174400000)/","Estimatedcost":6195.03,"Orderno":"100066","ReportedBy":"Amy","Mobile":"613-253-8742","Email":"Amy@sample.com","___FK_eef3041b3c43d7160ead01e4":"ORLÉA","ORDLOC":"100066 REPAIR LIGHT SWITCH"},{"ID":"WR0067","OrdDescription":"CHECK & CLEANOUT OPENINGS, DOORS, ETC., ","MainWorkCenter":"STRC","OrdStatus":"Planned","Priority":"Safety","CreationDate":"/Date(1505260800000)/","Estimatedcost":5028,"Orderno":"100067","ReportedBy":"Ralph","Mobile":"613-186-5732","Email":"Ralph@sample.com","___FK_eef3041b3c43d7160ead01e4":"CARLI","ORDLOC":"100067 CHECK & CLEANOUT OPENINGS, DOORS, ETC., "},{"ID":"WR0068","OrdDescription":"INSPECT AND REPAIR ROOFING MATERIAL.","MainWorkCenter":"STRC","OrdStatus":"Dispatched","Priority":"Medium","CreationDate":"/Date(1505260800000)/","Estimatedcost":7820,"Orderno":"100068","ReportedBy":"Annie","Mobile":"613-452-7961","Email":"Annie@sample.com","___FK_eef3041b3c43d7160ead01e4":"CARP","ORDLOC":"100068 INSPECT AND REPAIR ROOFING MATERIAL."},{"ID":"WR0069","OrdDescription":"TEST EMERGENCY LIGHTING SYSTEM.","MainWorkCenter":"ELEC","OrdStatus":"Backlog","Priority":"Medium","CreationDate":"/Date(1505260800000)/","Estimatedcost":5026,"Orderno":"100069","ReportedBy":"Philip","Mobile":"613-368-3835","Email":"Philip@sample.com","___FK_eef3041b3c43d7160ead01e4":"CARP","ORDLOC":"100069 TEST EMERGENCY LIGHTING SYSTEM."},{"ID":"WR0070","OrdDescription":"LUBRICATE EXTERIOR DOOR HINGES AND HARDW","MainWorkCenter":"MECH","OrdStatus":"Dispatched","Priority":"High","CreationDate":"/Date(1505260800000)/","Estimatedcost":3314.28,"Orderno":"100070","ReportedBy":"Harold","Mobile":"613-888-1049","Email":"Harold@sample.com","___FK_eef3041b3c43d7160ead01e4":"KENT","ORDLOC":"100070 LUBRICATE EXTERIOR DOOR HINGES AND HARDW"},{"ID":"WR0071","OrdDescription":"REPLACE GARAGE DOOR","MainWorkCenter":"ELEC","OrdStatus":"Dispatched","Priority":"Safety","CreationDate":"/Date(1505260800000)/","Estimatedcost":3706.75,"Orderno":"100071","ReportedBy":"Mildred","Mobile":"613-434-6801","Email":"Mildred@sample.com","___FK_eef3041b3c43d7160ead01e4":"KINBU","ORDLOC":"100071 REPLACE GARAGE DOOR"},{"ID":"WR0072","OrdDescription":"REPLACE ROOF","MainWorkCenter":"STRC","OrdStatus":"Planned","Priority":"Medium","CreationDate":"/Date(1505260800000)/","Estimatedcost":5667.28,"Orderno":"100072","ReportedBy":"Jose","Mobile":"613-439-4944","Email":"Jose@sample.com","___FK_eef3041b3c43d7160ead01e4":"KING","ORDLOC":"100072 REPLACE ROOF"},{"ID":"WR0073","OrdDescription":"CHECK AND TEST ROOF DRAINS.","MainWorkCenter":"STRC","OrdStatus":"Planned","Priority":"Safety","CreationDate":"/Date(1505260800000)/","Estimatedcost":3292.93,"Orderno":"100073","ReportedBy":"Anthony","Mobile":"613-376-4309","Email":"Anthony@sample.com","___FK_eef3041b3c43d7160ead01e4":"OSGOO","ORDLOC":"100073 CHECK AND TEST ROOF DRAINS."},{"ID":"WR0074","OrdDescription":"CHECK WINDOW FRAME","MainWorkCenter":"STRC","OrdStatus":"Dispatched","Priority":"Medium","CreationDate":"/Date(1505260800000)/","Estimatedcost":6669.97,"Orderno":"100074","ReportedBy":"Eugene","Mobile":"613-867-8754","Email":"Eugene@sample.com","___FK_eef3041b3c43d7160ead01e4":"OTTAW","ORDLOC":"100074 CHECK WINDOW FRAME"},{"ID":"WR0075","OrdDescription":"REPLACE ELECTRICAL FIXTURE","MainWorkCenter":"ELEC","OrdStatus":"Backlog","Priority":"Medium","CreationDate":"/Date(1505260800000)/","Estimatedcost":9746.08,"Orderno":"100075","ReportedBy":"Melissa","Mobile":"613-660-7164","Email":"Melissa@sample.com","___FK_eef3041b3c43d7160ead01e4":"PALLA","ORDLOC":"100075 REPLACE ELECTRICAL FIXTURE"},{"ID":"WR0076","OrdDescription":"REPAIR LEAKING FAUCETS AND FIXTURES.","MainWorkCenter":"PLMB","OrdStatus":"Dispatched","Priority":"Medium","CreationDate":"/Date(1505433600000)/","Estimatedcost":7027,"Orderno":"100076","ReportedBy":"Victor","Mobile":"613-956-6394","Email":"Victor@sample.com","___FK_eef3041b3c43d7160ead01e4":"CASTL","ORDLOC":"100076 REPAIR LEAKING FAUCETS AND FIXTURES."},{"ID":"WR0077","OrdDescription":"TEST EMERGENCY LIGHTING SYSTEM.","MainWorkCenter":"ELEC","OrdStatus":"Dispatched","Priority":"High","CreationDate":"/Date(1505433600000)/","Estimatedcost":5387.36,"Orderno":"100077","ReportedBy":"Carol","Mobile":"613-890-8730","Email":"Carol@sample.com","___FK_eef3041b3c43d7160ead01e4":"KIRKW","ORDLOC":"100077 TEST EMERGENCY LIGHTING SYSTEM."},{"ID":"WR0078","OrdDescription":"REPLACE AND LUBE ALL DOOR LOCKS AND ADJUST","MainWorkCenter":"MECH","OrdStatus":"Dispatched","Priority":"Medium","CreationDate":"/Date(1505433600000)/","Estimatedcost":8697.08,"Orderno":"100078","ReportedBy":"Gary","Mobile":"613-355-6584","Email":"Gary@sample.com","___FK_eef3041b3c43d7160ead01e4":"PANMU","ORDLOC":"100078 REPLACE AND LUBE ALL DOOR LOCKS AND ADJUST"},{"ID":"WR0079","OrdDescription":"INSPECT AND RECAULK STONE OR CLAY TILE C","MainWorkCenter":"FLOR","OrdStatus":"Planned","Priority":"Medium","CreationDate":"/Date(1505606400000)/","Estimatedcost":6045,"Orderno":"100079","ReportedBy":"Kimberly","Mobile":"613-837-2989","Email":"Kimberly@sample.com","___FK_eef3041b3c43d7160ead01e4":"CATHE","ORDLOC":"100079 INSPECT AND RECAULK STONE OR CLAY TILE C"},{"ID":"WR0080","OrdDescription":"REPAIR LEAKING FAUCETS AND FIXTURES.","MainWorkCenter":"PLMB","OrdStatus":"Backlog","Priority":"Low","CreationDate":"/Date(1505606400000)/","Estimatedcost":1351.75,"Orderno":"100080","ReportedBy":"Chris","Mobile":"613-109-5129","Email":"Chris@sample.com","___FK_eef3041b3c43d7160ead01e4":"LAURI","ORDLOC":"100080 REPAIR LEAKING FAUCETS AND FIXTURES."},{"ID":"WR0081","OrdDescription":"CHECK DOOR LOCK","MainWorkCenter":"STRC","OrdStatus":"Planned","Priority":"Medium","CreationDate":"/Date(1505606400000)/","Estimatedcost":3847.11,"Orderno":"100081","ReportedBy":"Adam","Mobile":"613-484-7850","Email":"Adam@sample.com","___FK_eef3041b3c43d7160ead01e4":"PARKD","ORDLOC":"100081 CHECK DOOR LOCK"},{"ID":"WR0082","OrdDescription":"CHECK /HOT WATER HEATER FOR ANY FUEL OR ","MainWorkCenter":"HVAC","OrdStatus":"Dispatched","Priority":"Low","CreationDate":"/Date(1505779200000)/","Estimatedcost":5201,"Orderno":"100082","ReportedBy":"Paul","Mobile":"613-606-8764","Email":"Paul@sample.com","___FK_eef3041b3c43d7160ead01e4":"CEDAR","ORDLOC":"100082 CHECK /HOT WATER HEATER FOR ANY FUEL OR "},{"ID":"WR0083","OrdDescription":"REPLACE AND SECURE DOWNSPOUTS.","MainWorkCenter":"STRC","OrdStatus":"Dispatched","Priority":"High","CreationDate":"/Date(1505779200000)/","Estimatedcost":4508,"Orderno":"100083","ReportedBy":"Jennifer","Mobile":"613-240-4705","Email":"Jennifer@sample.com","___FK_eef3041b3c43d7160ead01e4":"CENTU","ORDLOC":"100083 REPLACE AND SECURE DOWNSPOUTS."},{"ID":"WR0084","OrdDescription":"SERVICE ALL AIR-CONDITIONING EQUIPMENT.","MainWorkCenter":"HVAC","OrdStatus":"Dispatched","Priority":"Safety","CreationDate":"/Date(1505779200000)/","Estimatedcost":7475,"Orderno":"100084","ReportedBy":"Amanda","Mobile":"613-570-7426","Email":"Amanda@sample.com","___FK_eef3041b3c43d7160ead01e4":"CHAMB","ORDLOC":"100084 SERVICE ALL AIR-CONDITIONING EQUIPMENT."},{"ID":"WR0085","OrdDescription":"INSPECT AND RECAULK STONE OR CLAY TILE C","MainWorkCenter":"FLOR","OrdStatus":"Dispatched","Priority":"High","CreationDate":"/Date(1505779200000)/","Estimatedcost":6837.6,"Orderno":"100085","ReportedBy":"Kevin","Mobile":"613-214-3427","Email":"Kevin@sample.com","___FK_eef3041b3c43d7160ead01e4":"LEES","ORDLOC":"100085 INSPECT AND RECAULK STONE OR CLAY TILE C"},{"ID":"WR0086","OrdDescription":"REPLACE /HOT WATER HEATER FOR ANY FUEL OR ","MainWorkCenter":"HVAC","OrdStatus":"Planned","Priority":"Medium","CreationDate":"/Date(1505779200000)/","Estimatedcost":4825.27,"Orderno":"100086","ReportedBy":"Joseph","Mobile":"613-408-5757","Email":"Joseph@sample.com","___FK_eef3041b3c43d7160ead01e4":"LEITR","ORDLOC":"100086 REPLACE /HOT WATER HEATER FOR ANY FUEL OR "},{"ID":"WR0087","OrdDescription":"CHECK AND SECURE DOWNSPOUTS.","MainWorkCenter":"STRC","OrdStatus":"Planned","Priority":"Safety","CreationDate":"/Date(1505779200000)/","Estimatedcost":124.29,"Orderno":"100087","ReportedBy":"Billy","Mobile":"613-704-8128","Email":"Billy@sample.com","___FK_eef3041b3c43d7160ead01e4":"LESTE","ORDLOC":"100087 CHECK AND SECURE DOWNSPOUTS."},{"ID":"WR0088","OrdDescription":"INSPECT AND CLEAN OUT GREASE TRAPS.","MainWorkCenter":"MECH","OrdStatus":"Planned","Priority":"Medium","CreationDate":"/Date(1505865600000)/","Estimatedcost":5021,"Orderno":"100088","ReportedBy":"Michael","Mobile":"613-402-8935","Email":"Michael@sample.com","___FK_eef3041b3c43d7160ead01e4":"CHARL","ORDLOC":"100088 INSPECT AND CLEAN OUT GREASE TRAPS."},{"ID":"WR0089","OrdDescription":"SERVICE ALL AIR-CONDITIONING EQUIPMENT.","MainWorkCenter":"HVAC","OrdStatus":"Planned","Priority":"High","CreationDate":"/Date(1505865600000)/","Estimatedcost":1925.27,"Orderno":"100089","ReportedBy":"Cheryl","Mobile":"613-954-3597","Email":"Cheryl@sample.com","___FK_eef3041b3c43d7160ead01e4":"LIMEB","ORDLOC":"100089 SERVICE ALL AIR-CONDITIONING EQUIPMENT."},{"ID":"WR0090","OrdDescription":"REPLACE CABINETS","MainWorkCenter":"SHOP","OrdStatus":"Dispatched","Priority":"High","CreationDate":"/Date(1505952000000)/","Estimatedcost":6813,"Orderno":"100090","ReportedBy":"Lois","Mobile":"613-753-5604","Email":"Lois@sample.com","___FK_eef3041b3c43d7160ead01e4":"CLYDE","ORDLOC":"100090 REPLACE CABINETS"},{"ID":"WR0091","OrdDescription":"CLEAN WINDOWS","MainWorkCenter":"CREW","OrdStatus":"Backlog","Priority":"Low","CreationDate":"/Date(1505952000000)/","Estimatedcost":978,"Orderno":"100091","ReportedBy":"Fred","Mobile":"613-491-7896","Email":"Fred@sample.com","___FK_eef3041b3c43d7160ead01e4":"COLON","ORDLOC":"100091 CLEAN WINDOWS"},{"ID":"WR0092","OrdDescription":"REPLACE BURNED OUT LIGHT BULBS.  ","MainWorkCenter":"ELEC","OrdStatus":"Dispatched","Priority":"High","CreationDate":"/Date(1505952000000)/","Estimatedcost":172,"Orderno":"100092","ReportedBy":"Nicole","Mobile":"613-400-8186","Email":"Nicole@sample.com","___FK_eef3041b3c43d7160ead01e4":"COLON","ORDLOC":"100092 REPLACE BURNED OUT LIGHT BULBS.  "},{"ID":"WR0093","OrdDescription":"REPLACE BROKEN WINDOW GLASS AS NEEDED.","MainWorkCenter":"STRC","OrdStatus":"Planned","Priority":"Medium","CreationDate":"/Date(1506038400000)/","Estimatedcost":2453,"Orderno":"100093","ReportedBy":"Roy","Mobile":"613-952-1186","Email":"Roy@sample.com","___FK_eef3041b3c43d7160ead01e4":"CONRO","ORDLOC":"100093 REPLACE BROKEN WINDOW GLASS AS NEEDED."},{"ID":"WR0094","OrdDescription":"INSPECT AND REPAIR METAL FLASHINGS.","MainWorkCenter":"STRC","OrdStatus":"Planned","Priority":"Safety","CreationDate":"/Date(1506124800000)/","Estimatedcost":2123,"Orderno":"100094","ReportedBy":"Laura","Mobile":"613-325-5815","Email":"Laura@sample.com","___FK_eef3041b3c43d7160ead01e4":"CORKS","ORDLOC":"100094 INSPECT AND REPAIR METAL FLASHINGS."},{"ID":"WR0095","OrdDescription":"REPAIR OR REPLACE FRAYED WIRES IMMEDIATE","MainWorkCenter":"ELEC","OrdStatus":"Planned","Priority":"High","CreationDate":"/Date(1506124800000)/","Estimatedcost":1149,"Orderno":"100095","ReportedBy":"Judy","Mobile":"613-435-8286","Email":"Judy@sample.com","___FK_eef3041b3c43d7160ead01e4":"COVEN","ORDLOC":"100095 REPAIR OR REPLACE FRAYED WIRES IMMEDIATE"},{"ID":"WR0096","OrdDescription":"INSURE SPACE IN FRONT OF ELECTRICAL PANE","MainWorkCenter":"ELEC","OrdStatus":"Planned","Priority":"Safety","CreationDate":"/Date(1506297600000)/","Estimatedcost":2048,"Orderno":"100096","ReportedBy":"Denise","Mobile":"613-118-7640","Email":"Denise@sample.com","___FK_eef3041b3c43d7160ead01e4":"CRAIG","ORDLOC":"100096 INSURE SPACE IN FRONT OF ELECTRICAL PANE"},{"ID":"WR0097","OrdDescription":"REPAIR AND/OR PAINT FENCES.","MainWorkCenter":"STRC","OrdStatus":"Dispatched","Priority":"Low","CreationDate":"/Date(1506384000000)/","Estimatedcost":7789,"Orderno":"100097","ReportedBy":"Beverly","Mobile":"613-884-5447","Email":"Beverly@sample.com","___FK_eef3041b3c43d7160ead01e4":"DALME","ORDLOC":"100097 REPAIR AND/OR PAINT FENCES."},{"ID":"WR0098","OrdDescription":"REMOVE CARPERT","MainWorkCenter":"FLOR","OrdStatus":"Planned","Priority":"Safety","CreationDate":"/Date(1506470400000)/","Estimatedcost":7804,"Orderno":"100098","ReportedBy":"Stephanie","Mobile":"613-775-3917","Email":"Stephanie@sample.com","___FK_eef3041b3c43d7160ead01e4":"DEVIN","ORDLOC":"100098 REMOVE CARPERT"},{"ID":"WR0099","OrdDescription":"CHECK SPLIT SYSTEM AC UNITS, CLEAR OF DE","MainWorkCenter":"HVAC","OrdStatus":"Dispatched","Priority":"Safety","CreationDate":"/Date(1506556800000)/","Estimatedcost":6494,"Orderno":"100099","ReportedBy":"Phyllis","Mobile":"613-281-5455","Email":"Phyllis@sample.com","___FK_eef3041b3c43d7160ead01e4":"DILWO","ORDLOC":"100099 CHECK SPLIT SYSTEM AC UNITS, CLEAR OF DE"},{"ID":"WR0100","OrdDescription":"REPAIR OR REPLACE NON-FUNCTIONING SWITCH","MainWorkCenter":"ELEC","OrdStatus":"Planned","Priority":"Low","CreationDate":"/Date(1506556800000)/","Estimatedcost":5426,"Orderno":"100100","ReportedBy":"Doris","Mobile":"613-954-4769","Email":"Doris@sample.com","___FK_eef3041b3c43d7160ead01e4":"DONAL","ORDLOC":"100100 REPAIR OR REPLACE NON-FUNCTIONING SWITCH"},{"ID":"WR0101","OrdDescription":"CHECK EXTERIOR DOORS FOR PROPER OPERATIO","MainWorkCenter":"STRC","OrdStatus":"Dispatched","Priority":"High","CreationDate":"/Date(1506816000000)/","Estimatedcost":2205,"Orderno":"100101","ReportedBy":"Jose","Mobile":"613-982-1378","Email":"Jose@sample.com","___FK_eef3041b3c43d7160ead01e4":"DONNE","ORDLOC":"100101 CHECK EXTERIOR DOORS FOR PROPER OPERATIO"},{"ID":"WR0102","OrdDescription":"SERVICE LAWNMOWERS & OTHER EQUIPMENT","MainWorkCenter":"MECH","OrdStatus":"Planned","Priority":"Safety","CreationDate":"/Date(1506816000000)/","Estimatedcost":7825,"Orderno":"100102","ReportedBy":"Anthony","Mobile":"613-487-2565","Email":"Anthony@sample.com","___FK_eef3041b3c43d7160ead01e4":"DUNNI","ORDLOC":"100102 SERVICE LAWNMOWERS & OTHER EQUIPMENT"},{"ID":"WR0103","OrdDescription":"CHECK WALKWAY SURFACES, PATCH AND REPAIR","MainWorkCenter":"CREW","OrdStatus":"Planned","Priority":"Low","CreationDate":"/Date(1506902400000)/","Estimatedcost":7668,"Orderno":"100103","ReportedBy":"Eugene","Mobile":"613-318-8006","Email":"Eugene@sample.com","___FK_eef3041b3c43d7160ead01e4":"DUNRO","ORDLOC":"100103 CHECK WALKWAY SURFACES, PATCH AND REPAIR"},{"ID":"WR0104","OrdDescription":"REPLACE CRACKED OR MISSING PUTTY OR CAUL","MainWorkCenter":"FLOR","OrdStatus":"Backlog","Priority":"High","CreationDate":"/Date(1506902400000)/","Estimatedcost":4406,"Orderno":"100104","ReportedBy":"Melissa","Mobile":"613-207-7493","Email":"Melissa@sample.com","___FK_eef3041b3c43d7160ead01e4":"DWYER","ORDLOC":"100104 REPLACE CRACKED OR MISSING PUTTY OR CAUL"},{"ID":"WR0105","OrdDescription":"SCRAPE, PRIME AND PAINT BUILDING EXTERIO","MainWorkCenter":"STRC","OrdStatus":"Planned","Priority":"High","CreationDate":"/Date(1506902400000)/","Estimatedcost":7805,"Orderno":"100105","ReportedBy":"Victor","Mobile":"613-637-6318","Email":"Victor@sample.com","___FK_eef3041b3c43d7160ead01e4":"EAGLE","ORDLOC":"100105 SCRAPE, PRIME AND PAINT BUILDING EXTERIO"},{"ID":"WR0106","OrdDescription":"REPLACE ELECTRICAL PANEL","MainWorkCenter":"ELEC","OrdStatus":"Dispatched","Priority":"High","CreationDate":"/Date(1506988800000)/","Estimatedcost":5713,"Orderno":"100106","ReportedBy":"Carol","Mobile":"613-308-1612","Email":"Carol@sample.com","___FK_eef3041b3c43d7160ead01e4":"EARL","ORDLOC":"100106 REPLACE ELECTRICAL PANEL"},{"ID":"WR0107","OrdDescription":"INSPECT EXTERIOR WALLS FOR LOOSE MORTAR,","MainWorkCenter":"STRC","OrdStatus":"Dispatched","Priority":"Medium","CreationDate":"/Date(1507075200000)/","Estimatedcost":4339,"Orderno":"100107","ReportedBy":"Gary","Mobile":"613-567-8304","Email":"Gary@sample.com","___FK_eef3041b3c43d7160ead01e4":"ELGIN","ORDLOC":"100107 INSPECT EXTERIOR WALLS FOR LOOSE MORTAR,"},{"ID":"WR0108","OrdDescription":"REPLACE WINDOW FRAMES","MainWorkCenter":"STRC","OrdStatus":"Planned","Priority":"High","CreationDate":"/Date(1507248000000)/","Estimatedcost":5540,"Orderno":"100108","ReportedBy":"Kimberly","Mobile":"613-649-7106","Email":"Kimberly@sample.com","___FK_eef3041b3c43d7160ead01e4":"FALLO","ORDLOC":"100108 REPLACE WINDOW FRAMES"},{"ID":"WR0109","OrdDescription":"REMOVE AND DISPOSE OF ALL FALLEN TREE LI","MainWorkCenter":"LAND","OrdStatus":"Planned","Priority":"Safety","CreationDate":"/Date(1507248000000)/","Estimatedcost":2524,"Orderno":"100109","ReportedBy":"Chris","Mobile":"613-409-7637","Email":"Chris@sample.com","___FK_eef3041b3c43d7160ead01e4":"FERNB","ORDLOC":"100109 REMOVE AND DISPOSE OF ALL FALLEN TREE LI"},{"ID":"WR0110","OrdDescription":"SERVICE WELL PUMP AND WATER STORAGE TANK","MainWorkCenter":"PLMB","OrdStatus":"Dispatched","Priority":"Medium","CreationDate":"/Date(1507248000000)/","Estimatedcost":5752,"Orderno":"100110","ReportedBy":"Adam","Mobile":"613-902-5241","Email":"Adam@sample.com","___FK_eef3041b3c43d7160ead01e4":"FERRY","ORDLOC":"100110 SERVICE WELL PUMP AND WATER STORAGE TANK"},{"ID":"WR0111","OrdDescription":"CHECK AND SERVICE PLAYGROUND EQUIPMENT A","MainWorkCenter":"LAND","OrdStatus":"Planned","Priority":"Safety","CreationDate":"/Date(1507334400000)/","Estimatedcost":3653,"Orderno":"100111","ReportedBy":"Paul","Mobile":"613-192-6787","Email":"Paul@sample.com","___FK_eef3041b3c43d7160ead01e4":"FISHE","ORDLOC":"100111 CHECK AND SERVICE PLAYGROUND EQUIPMENT A"},{"ID":"WR0112","OrdDescription":"REMOVE EXCESS BRUSH ADJACENT TO BLDG WAL","MainWorkCenter":"LAND","OrdStatus":"Planned","Priority":"Safety","CreationDate":"/Date(1507420800000)/","Estimatedcost":904,"Orderno":"100112","ReportedBy":"Jennifer","Mobile":"613-161-4386","Email":"Jennifer@sample.com","___FK_eef3041b3c43d7160ead01e4":"FLEWE","ORDLOC":"100112 REMOVE EXCESS BRUSH ADJACENT TO BLDG WAL"},{"ID":"WR0113","OrdDescription":"WASH ACCUMULATED DIRT FROM BUILDING SURF","MainWorkCenter":"CREW","OrdStatus":"Backlog","Priority":"Low","CreationDate":"/Date(1507420800000)/","Estimatedcost":2692,"Orderno":"100113","ReportedBy":"Amanda","Mobile":"613-528-1844","Email":"Amanda@sample.com","___FK_eef3041b3c43d7160ead01e4":"FOURT","ORDLOC":"100113 WASH ACCUMULATED DIRT FROM BUILDING SURF"},{"ID":"WR0114","OrdDescription":"SERVICE ALL VENTILATING EQUIPMENT.","MainWorkCenter":"HVAC","OrdStatus":"Planned","Priority":"Medium","CreationDate":"/Date(1507507200000)/","Estimatedcost":5894,"Orderno":"100114","ReportedBy":"Kevin","Mobile":"613-852-2221","Email":"Kevin@sample.com","___FK_eef3041b3c43d7160ead01e4":"FRANK","ORDLOC":"100114 SERVICE ALL VENTILATING EQUIPMENT."},{"ID":"WR0115","OrdDescription":"PAINT WALKWAY MARKINGS.","MainWorkCenter":"FLOR","OrdStatus":"Dispatched","Priority":"Low","CreationDate":"/Date(1507680000000)/","Estimatedcost":1040,"Orderno":"100115","ReportedBy":"Joseph","Mobile":"613-776-5733","Email":"Joseph@sample.com","___FK_eef3041b3c43d7160ead01e4":"FRANK","ORDLOC":"100115 PAINT WALKWAY MARKINGS."},{"ID":"WR0116","OrdDescription":"REPAIR POTHOLES & RESTRIPE IF NECESSARY.","MainWorkCenter":"CREW","OrdStatus":"Dispatched","Priority":"Low","CreationDate":"/Date(1507766400000)/","Estimatedcost":5311,"Orderno":"100116","ReportedBy":"Billy","Mobile":"613-130-9776","Email":"Billy@sample.com","___FK_eef3041b3c43d7160ead01e4":"GALET","ORDLOC":"100116 REPAIR POTHOLES & RESTRIPE IF NECESSARY."},{"ID":"WR0117","OrdDescription":"REPAIR LIGHT SWITCH","MainWorkCenter":"ELEC","OrdStatus":"Planned","Priority":"Safety","CreationDate":"/Date(1507766400000)/","Estimatedcost":2516,"Orderno":"100117","ReportedBy":"Michael","Mobile":"613-637-4923","Email":"Michael@sample.com","___FK_eef3041b3c43d7160ead01e4":"GLADS","ORDLOC":"100117 REPAIR LIGHT SWITCH"},{"ID":"WR0118","OrdDescription":"REPLACE AND TEST ROOF DRAINS.","MainWorkCenter":"STRC","OrdStatus":"Planned","Priority":"Medium","CreationDate":"/Date(1507939200000)/","Estimatedcost":4430,"Orderno":"100118","ReportedBy":"Cheryl","Mobile":"613-988-8998","Email":"Cheryl@sample.com","___FK_eef3041b3c43d7160ead01e4":"GREEN","ORDLOC":"100118 REPLACE AND TEST ROOF DRAINS."},{"ID":"WR0119","OrdDescription":"REPLACE WINDOW FRAME","MainWorkCenter":"STRC","OrdStatus":"Planned","Priority":"Low","CreationDate":"/Date(1507939200000)/","Estimatedcost":7534,"Orderno":"100119","ReportedBy":"Lois","Mobile":"613-641-1151","Email":"Lois@sample.com","___FK_eef3041b3c43d7160ead01e4":"GREGO","ORDLOC":"100119 REPLACE WINDOW FRAME"},{"ID":"WR0120","OrdDescription":"REMOVE ANY BLOCKAGE OF WALK WAYS AND KEE","MainWorkCenter":"FLOR","OrdStatus":"Planned","Priority":"Medium","CreationDate":"/Date(1508025600000)/","Estimatedcost":7850,"Orderno":"100120","ReportedBy":"Fred","Mobile":"613-874-4315","Email":"Fred@sample.com","___FK_eef3041b3c43d7160ead01e4":"HARBO","ORDLOC":"100120 REMOVE ANY BLOCKAGE OF WALK WAYS AND KEE"},{"ID":"WR0121","OrdDescription":"CHECK AND LUBE ALL DOOR LOCKS AND ADJUST","MainWorkCenter":"STRC","OrdStatus":"Dispatched","Priority":"Safety","CreationDate":"/Date(1508112000000)/","Estimatedcost":1012,"Orderno":"100121","ReportedBy":"Nicole","Mobile":"613-223-3749","Email":"Nicole@sample.com","___FK_eef3041b3c43d7160ead01e4":"HAWTH","ORDLOC":"100121 CHECK AND LUBE ALL DOOR LOCKS AND ADJUST"},{"ID":"WR0122","OrdDescription":"REPLACE DOOR LOCK","MainWorkCenter":"STRC","OrdStatus":"Backlog","Priority":"Safety","CreationDate":"/Date(1508112000000)/","Estimatedcost":163,"Orderno":"100122","ReportedBy":"Roy","Mobile":"613-935-8621","Email":"Roy@sample.com","___FK_eef3041b3c43d7160ead01e4":"HAWTH","ORDLOC":"100122 REPLACE DOOR LOCK"}]