[{"ID":"MAT001","MatDescription":"Water pump","MatCost":120,"Inventory":63},{"ID":"MAT002","MatDescription":"Dry wall","MatCost":5,"Inventory":12},{"ID":"MAT003","MatDescription":"Air condition","MatCost":2000,"Inventory":21},{"ID":"MAT004","MatDescription":"Boiler","MatCost":3000,"Inventory":1},{"ID":"MAT005","MatDescription":"Heating furance","MatCost":3000,"Inventory":21},{"ID":"MAT006","MatDescription":"Circuit Breaker 15 amps","MatCost":50,"Inventory":50},{"ID":"MAT007","MatDescription":"Circuit Breaker 30 amps","MatCost":50,"Inventory":30},{"ID":"MAT008","MatDescription":"Water tap","MatCost":125,"Inventory":40},{"ID":"MAT009","MatDescription":"Refrigerator","MatCost":1000,"Inventory":3},{"ID":"MAT010","MatDescription":"Stove","MatCost":600,"Inventory":3},{"ID":"MAT011","MatDescription":"Garage door","MatCost":1000,"Inventory":30},{"ID":"MAT012","MatDescription":"Bulbs LED","MatCost":10,"Inventory":1225},{"ID":"MAT013","MatDescription":"Bulbs fixture","MatCost":30,"Inventory":15},{"ID":"MAT014","MatDescription":"Fertilizer","MatCost":30,"Inventory":50},{"ID":"MAT015","MatDescription":"Bulbs CFL","MatCost":8,"Inventory":125},{"ID":"MAT016","MatDescription":"Door","MatCost":100,"Inventory":58},{"ID":"MAT017","MatDescription":"Window","MatCost":200,"Inventory":25},{"ID":"MAT018","MatDescription":"Copper pipe","MatCost":10,"Inventory":35},{"ID":"MAT019","MatDescription":"PVC pipe 1/2 inch","MatCost":10,"Inventory":58},{"ID":"MAT020","MatDescription":"PVC pipe 1 inch","MatCost":15,"Inventory":74}]