[{"ID":"PR001","VENDORID":521540,"VENDORNAME":"PRESTON BUILDING SERVICES","VENCODE":"521540 PRESTON BUILDING SERVICES","SERVICE":30101,"SERVICENAME":"SNOW REMOVAL","SERVCODE":"30101 SNOW REMOVAL","PGRP":"100 - Kevin"},{"ID":"PR002","VENDORID":521541,"VENDORNAME":"BOWLER HVAC","VENCODE":"521541 BOWLER HVAC","SERVICE":30102,"SERVICENAME":"WINDOW CLEANING","SERVCODE":"30102 WINDOW CLEANING","PGRP":"101 - Susma"},{"ID":"PR003","VENDORID":521542,"VENDORNAME":"NEPEAN FORESTRY","VENCODE":"521542 NEPEAN FORESTRY","SERVICE":30103,"SERVICENAME":"CARPET CLEANING","SERVCODE":"30103 CARPET CLEANING","PGRP":"102 - Naima"},{"ID":"PR004","VENDORID":521543,"VENDORNAME":"CANDO PLUMBING","VENCODE":"521543 CANDO PLUMBING","SERVICE":30104,"SERVICENAME":"GARBAGE REMOVAL","SERVCODE":"30104 GARBAGE REMOVAL","PGRP":"103 - Norman"},{"ID":"PR005","VENDORID":521544,"VENDORNAME":"CCP CEMENT COMPANY","VENCODE":"521544 CCP CEMENT COMPANY","SERVICE":30105,"SERVICENAME":"SAFETY INSPECTION","SERVCODE":"30105 SAFETY INSPECTION","PGRP":""},{"ID":"PR006","VENDORID":521545,"VENDORNAME":"OTTAWA APPLIANCES","VENCODE":"521545 OTTAWA APPLIANCES","SERVICE":30106,"SERVICENAME":"ELECTRICAL INSPECTION","SERVCODE":"30106 ELECTRICAL INSPECTION","PGRP":""},{"ID":"PR007","VENDORID":521546,"VENDORNAME":"RIVERSIDE ELECTRIC CO","VENCODE":"521546 RIVERSIDE ELECTRIC CO","SERVICE":30107,"SERVICENAME":"ENGINEERING SERVICE","SERVCODE":"30107 ENGINEERING SERVICE","PGRP":""},{"ID":"PR008","VENDORID":521547,"VENDORNAME":"UNITED BUILDING PRODUCTS","VENCODE":"521547 UNITED BUILDING PRODUCTS","SERVICE":30108,"SERVICENAME":"FIRE INSPECTION SERVICE","SERVCODE":"30108 FIRE INSPECTION SERVICE","PGRP":""},{"ID":"PR009","VENDORID":521548,"VENDORNAME":"NATIONAL APPLIANCE","VENCODE":"521548 NATIONAL APPLIANCE","SERVICE":30109,"SERVICENAME":"TREE REMOVAL","SERVCODE":"30109 TREE REMOVAL","PGRP":""},{"ID":"PR010","VENDORID":521549,"VENDORNAME":"CARLOS KITCHEN","VENCODE":"521549 CARLOS KITCHEN","SERVICE":30110,"SERVICENAME":"LAND SCAPING","SERVCODE":"30110 LAND SCAPING","PGRP":""},{"ID":"PR011","VENDORID":521550,"VENDORNAME":"OTTAWA WINDOWS","VENCODE":"521550 OTTAWA WINDOWS","SERVICE":30111,"SERVICENAME":"MISC ADHOC SERVICE","SERVCODE":"30111 MISC ADHOC SERVICE","PGRP":""},{"ID":"PR012","VENDORID":521550,"VENDORNAME":"CENTERPOINT CLEANERS","VENCODE":"521550 CENTERPOINT CLEANERS","SERVICE":8842.53,"SERVICENAME":"","SERVCODE":" ","PGRP":""}]