[{"ID":"MECH","TECH":"MECH","TechDescription":"Mechical","TechPhone":"613-486-7717","TechSuper":"Tim","Rate":50,"Currency":"CAD","___FK_e9d0f36d0addcc010ead0abd":""},{"ID":"ELEC","TECH":"ELEC","TechDescription":"Electrical","TechPhone":"613-555-3637","TechSuper":"Ashley","Rate":50,"Currency":"CAD","___FK_e9d0f36d0addcc010ead0abd":""},{"ID":"PLMB","TECH":"PLMB","TechDescription":"Plumbing","TechPhone":"613-163-6176","TechSuper":"Luke","Rate":50,"Currency":"CAD","___FK_e9d0f36d0addcc010ead0abd":""},{"ID":"SHOP","TECH":"SHOP","TechDescription":"Workshop","TechPhone":"613-198-1661","TechSuper":"Kathy","Rate":50,"Currency":"CAD","___FK_e9d0f36d0addcc010ead0abd":""},{"ID":"CREW","TECH":"CREW","TechDescription":"Field crew","TechPhone":"613-143-4779","TechSuper":"Donna","Rate":50,"Currency":"CAD","___FK_e9d0f36d0addcc010ead0abd":""},{"ID":"WELD","TECH":"WELD","TechDescription":"Welder","TechPhone":"613-130-5847","TechSuper":"Johan","Rate":50,"Currency":"CAD","___FK_e9d0f36d0addcc010ead0abd":""},{"ID":"HVAC","TECH":"HVAC","TechDescription":"Heating and ventilation","TechPhone":"613-474-7748","TechSuper":"Nihal","Rate":50,"Currency":"CAD","___FK_e9d0f36d0addcc010ead0abd":""},{"ID":"STRC","TECH":"STRC","TechDescription":"Roof and structure","TechPhone":"613-386-6769","TechSuper":"Wayne","Rate":60,"Currency":"CAD","___FK_e9d0f36d0addcc010ead0abd":""},{"ID":"APPL","TECH":"APPL","TechDescription":"Appliance repair","TechPhone":"613-116-8516","TechSuper":"Martin","Rate":60,"Currency":"CAD","___FK_e9d0f36d0addcc010ead0abd":""},{"ID":"LAND","TECH":"LAND","TechDescription":"Landscaping","TechPhone":"613-571-1598","TechSuper":"Jeff","Rate":50,"Currency":"CAD","___FK_e9d0f36d0addcc010ead0abd":""},{"ID":"FLOR","TECH":"FLOR","TechDescription":"Flooring","TechPhone":"613-686-3313","TechSuper":"Wolfgang","Rate":50,"Currency":"CAD","___FK_e9d0f36d0addcc010ead0abd":""}]