[{"ID":"OP0001","EstimatedHrs":9,"OpnDescription":"REPLACE FURNACE","OpnStatus":"START","___FK_eeed3011fe8aa84b0ead01e4":"WR0001","___FK_35c5fcf6860c76330ead01e4":"HVAC"},{"ID":"OP0002","EstimatedHrs":17,"OpnDescription":"RE ROUTE DUCTING AND PIPES","OpnStatus":"HOLD","___FK_eeed3011fe8aa84b0ead01e4":"WR0001","___FK_35c5fcf6860c76330ead01e4":"PLMB"},{"ID":"OP0003","EstimatedHrs":18,"OpnDescription":"SERVICE ALL PUMPS PER MANUFACTURER’S INS","OpnStatus":"","___FK_eeed3011fe8aa84b0ead01e4":"WR0002","___FK_35c5fcf6860c76330ead01e4":"MECH"},{"ID":"OP0004","EstimatedHrs":5,"OpnDescription":"REPAIR DRAINS","OpnStatus":"","___FK_eeed3011fe8aa84b0ead01e4":"WR0002","___FK_35c5fcf6860c76330ead01e4":"PLMB"},{"ID":"OP0005","EstimatedHrs":18,"OpnDescription":"TRIM AND PRUNE SHRUBS AND TREES.","OpnStatus":"","___FK_eeed3011fe8aa84b0ead01e4":"WR0003","___FK_35c5fcf6860c76330ead01e4":"LAND"},{"ID":"OP0006","EstimatedHrs":20,"OpnDescription":"PLANT NEW TREES","OpnStatus":"","___FK_eeed3011fe8aa84b0ead01e4":"WR0003","___FK_35c5fcf6860c76330ead01e4":"CREW"},{"ID":"OP0007","EstimatedHrs":7,"OpnDescription":"FERTILIZE LAWN.","OpnStatus":"START","___FK_eeed3011fe8aa84b0ead01e4":"WR0004","___FK_35c5fcf6860c76330ead01e4":"LAND"},{"ID":"OP0008","EstimatedHrs":4,"OpnDescription":"REPLACE PUMP","OpnStatus":"HOLD","___FK_eeed3011fe8aa84b0ead01e4":"WR0005","___FK_35c5fcf6860c76330ead01e4":"MECH"},{"ID":"OP0009","EstimatedHrs":2,"OpnDescription":"REPLACE ELECTRICAL PANEL","OpnStatus":"","___FK_eeed3011fe8aa84b0ead01e4":"WR0005","___FK_35c5fcf6860c76330ead01e4":"ELEC"},{"ID":"OP0010","EstimatedHrs":19,"OpnDescription":"INSPECT AND CLEAN OUT GREASE TRAPS.","OpnStatus":"","___FK_eeed3011fe8aa84b0ead01e4":"WR0006","___FK_35c5fcf6860c76330ead01e4":"MECH"},{"ID":"OP0011","EstimatedHrs":6,"OpnDescription":"REPLACE TWO TRAPS","OpnStatus":"START","___FK_eeed3011fe8aa84b0ead01e4":"WR0006","___FK_35c5fcf6860c76330ead01e4":"MECH"},{"ID":"OP0012","EstimatedHrs":8,"OpnDescription":"CHECK ALL SITE DRAINS.","OpnStatus":"","___FK_eeed3011fe8aa84b0ead01e4":"WR0007","___FK_35c5fcf6860c76330ead01e4":"CREW"},{"ID":"OP0013","EstimatedHrs":8,"OpnDescription":"REPAIR OR CHECK NON-FUNCTIONING SWITCH","OpnStatus":"START","___FK_eeed3011fe8aa84b0ead01e4":"WR0008","___FK_35c5fcf6860c76330ead01e4":"ELEC"},{"ID":"OP0014","EstimatedHrs":3,"OpnDescription":"REPAIR WALL","OpnStatus":"HOLD","___FK_eeed3011fe8aa84b0ead01e4":"WR0008","___FK_35c5fcf6860c76330ead01e4":"STRC"},{"ID":"OP0015","EstimatedHrs":13,"OpnDescription":"REPLACE EXTERIOR DOORS FOR PROPER OPERATIO","OpnStatus":"START","___FK_eeed3011fe8aa84b0ead01e4":"WR0009","___FK_35c5fcf6860c76330ead01e4":"STRC"},{"ID":"OP0016","EstimatedHrs":12,"OpnDescription":"PAINT WALLS","OpnStatus":"HOLD","___FK_eeed3011fe8aa84b0ead01e4":"WR0009","___FK_35c5fcf6860c76330ead01e4":"CREW"},{"ID":"OP0017","EstimatedHrs":5,"OpnDescription":"TEST ALL EXIT LIGHTS.","OpnStatus":"START","___FK_eeed3011fe8aa84b0ead01e4":"WR0010","___FK_35c5fcf6860c76330ead01e4":"ELEC"},{"ID":"OP0018","EstimatedHrs":6,"OpnDescription":"TRIM AND PRUNE SHRUBS AND TREES.","OpnStatus":"HOLD","___FK_eeed3011fe8aa84b0ead01e4":"WR0011","___FK_35c5fcf6860c76330ead01e4":"LAND"},{"ID":"OP0019","EstimatedHrs":9,"OpnDescription":"CHECK AND SECURE GUTTERS","OpnStatus":"START","___FK_eeed3011fe8aa84b0ead01e4":"WR0012","___FK_35c5fcf6860c76330ead01e4":"CREW"},{"ID":"OP0020","EstimatedHrs":1,"OpnDescription":"SERVICE LAWNMOWERS & OTHER EQUIPMENT","OpnStatus":"","___FK_eeed3011fe8aa84b0ead01e4":"WR0013","___FK_35c5fcf6860c76330ead01e4":"MECH"},{"ID":"OP0021","EstimatedHrs":7,"OpnDescription":"REPAIR BLADES","OpnStatus":"START","___FK_eeed3011fe8aa84b0ead01e4":"WR0013","___FK_35c5fcf6860c76330ead01e4":"WELD"},{"ID":"OP0022","EstimatedHrs":6,"OpnDescription":"CHANGE OIL","OpnStatus":"START","___FK_eeed3011fe8aa84b0ead01e4":"WR0013","___FK_35c5fcf6860c76330ead01e4":"MECH"},{"ID":"OP0023","EstimatedHrs":7,"OpnDescription":"CHECK FLOORS FOR BROKEN TILES OR TORN CA","OpnStatus":"","___FK_eeed3011fe8aa84b0ead01e4":"WR0014","___FK_35c5fcf6860c76330ead01e4":"SHOP"},{"ID":"OP0024","EstimatedHrs":17,"OpnDescription":"CHECK FLOORS FOR BROKEN TILES OR TORN CA","OpnStatus":"","___FK_eeed3011fe8aa84b0ead01e4":"WR0014","___FK_35c5fcf6860c76330ead01e4":"SHOP"},{"ID":"OP0025","EstimatedHrs":12,"OpnDescription":"WASH WINDOWS.","OpnStatus":"","___FK_eeed3011fe8aa84b0ead01e4":"WR0015","___FK_35c5fcf6860c76330ead01e4":"CREW"},{"ID":"OP0026","EstimatedHrs":17,"OpnDescription":"WASH WINDOWS.","OpnStatus":"HOLD","___FK_eeed3011fe8aa84b0ead01e4":"WR0015","___FK_35c5fcf6860c76330ead01e4":"CREW"},{"ID":"OP0027","EstimatedHrs":16,"OpnDescription":"REPLACE EXIT LIGHT","OpnStatus":"","___FK_eeed3011fe8aa84b0ead01e4":"WR0016","___FK_35c5fcf6860c76330ead01e4":"ELEC"},{"ID":"OP0028","EstimatedHrs":15,"OpnDescription":"REPLACE EXIT LIGHT","OpnStatus":"START","___FK_eeed3011fe8aa84b0ead01e4":"WR0016","___FK_35c5fcf6860c76330ead01e4":"ELEC"},{"ID":"OP0029","EstimatedHrs":6,"OpnDescription":"REPLACE FLOORS FOR BROKEN TILES OR TORN CA","OpnStatus":"","___FK_eeed3011fe8aa84b0ead01e4":"WR0017","___FK_35c5fcf6860c76330ead01e4":"SHOP"},{"ID":"OP0030","EstimatedHrs":7,"OpnDescription":"REPLACE FLOORS FOR BROKEN TILES OR TORN CA","OpnStatus":"","___FK_eeed3011fe8aa84b0ead01e4":"WR0017","___FK_35c5fcf6860c76330ead01e4":"SHOP"},{"ID":"OP0031","EstimatedHrs":10,"OpnDescription":"CHECK BURNED OUT LIGHT BULBS.  ","OpnStatus":"HOLD","___FK_eeed3011fe8aa84b0ead01e4":"WR0018","___FK_35c5fcf6860c76330ead01e4":"ELEC"},{"ID":"OP0032","EstimatedHrs":5,"OpnDescription":"CHECK BURNED OUT LIGHT BULBS.  ","OpnStatus":"","___FK_eeed3011fe8aa84b0ead01e4":"WR0018","___FK_35c5fcf6860c76330ead01e4":"ELEC"},{"ID":"OP0033","EstimatedHrs":11,"OpnDescription":"CHECK BROKEN WINDOW GLASS AS NEEDED.","OpnStatus":"HOLD","___FK_eeed3011fe8aa84b0ead01e4":"WR0019","___FK_35c5fcf6860c76330ead01e4":"CREW"},{"ID":"OP0034","EstimatedHrs":9,"OpnDescription":"CHECK BROKEN WINDOW GLASS AS NEEDED.","OpnStatus":"HOLD","___FK_eeed3011fe8aa84b0ead01e4":"WR0019","___FK_35c5fcf6860c76330ead01e4":"CREW"},{"ID":"OP0035","EstimatedHrs":7,"OpnDescription":"REPLACE WALKWAY SURFACES, PATCH AND REPAIR","OpnStatus":"START","___FK_eeed3011fe8aa84b0ead01e4":"WR0020","___FK_35c5fcf6860c76330ead01e4":"CREW"},{"ID":"OP0036","EstimatedHrs":5,"OpnDescription":"REPLACE WALKWAY SURFACES, PATCH AND REPAIR","OpnStatus":"START","___FK_eeed3011fe8aa84b0ead01e4":"WR0020","___FK_35c5fcf6860c76330ead01e4":"CREW"},{"ID":"OP0037","EstimatedHrs":18,"OpnDescription":"CHECK CRACKED OR MISSING PUTTY OR CAUL","OpnStatus":"HOLD","___FK_eeed3011fe8aa84b0ead01e4":"WR0021","___FK_35c5fcf6860c76330ead01e4":"STRC"},{"ID":"OP0038","EstimatedHrs":5,"OpnDescription":"CHECK CRACKED OR MISSING PUTTY OR CAUL","OpnStatus":"START","___FK_eeed3011fe8aa84b0ead01e4":"WR0021","___FK_35c5fcf6860c76330ead01e4":"STRC"},{"ID":"OP0039","EstimatedHrs":8,"OpnDescription":"FLUSH WINDOW AC UNIT COILS WITH WATER TO","OpnStatus":"START","___FK_eeed3011fe8aa84b0ead01e4":"WR0022","___FK_35c5fcf6860c76330ead01e4":"HVAC"},{"ID":"OP0040","EstimatedHrs":5,"OpnDescription":"FLUSH WINDOW AC UNIT COILS WITH WATER TO","OpnStatus":"HOLD","___FK_eeed3011fe8aa84b0ead01e4":"WR0022","___FK_35c5fcf6860c76330ead01e4":"HVAC"},{"ID":"OP0041","EstimatedHrs":6,"OpnDescription":"REPLACE HARDWOOD","OpnStatus":"START","___FK_eeed3011fe8aa84b0ead01e4":"WR0023","___FK_35c5fcf6860c76330ead01e4":"SHOP"},{"ID":"OP0042","EstimatedHrs":18,"OpnDescription":"REPLACE HARDWOOD","OpnStatus":"HOLD","___FK_eeed3011fe8aa84b0ead01e4":"WR0023","___FK_35c5fcf6860c76330ead01e4":"SHOP"},{"ID":"OP0043","EstimatedHrs":13,"OpnDescription":"WASH WINDOWS.","OpnStatus":"HOLD","___FK_eeed3011fe8aa84b0ead01e4":"WR0024","___FK_35c5fcf6860c76330ead01e4":"CREW"},{"ID":"OP0044","EstimatedHrs":11,"OpnDescription":"WASH WINDOWS.","OpnStatus":"HOLD","___FK_eeed3011fe8aa84b0ead01e4":"WR0024","___FK_35c5fcf6860c76330ead01e4":"CREW"},{"ID":"OP0045","EstimatedHrs":12,"OpnDescription":"FLUSH WINDOW AC UNIT COILS WITH WATER TO","OpnStatus":"START","___FK_eeed3011fe8aa84b0ead01e4":"WR0025","___FK_35c5fcf6860c76330ead01e4":"HVAC"},{"ID":"OP0046","EstimatedHrs":16,"OpnDescription":"FLUSH WINDOW AC UNIT COILS WITH WATER TO","OpnStatus":"","___FK_eeed3011fe8aa84b0ead01e4":"WR0025","___FK_35c5fcf6860c76330ead01e4":"HVAC"},{"ID":"OP0047","EstimatedHrs":4,"OpnDescription":"INSPECT AND REPAIR METAL FLASHINGS.","OpnStatus":"HOLD","___FK_eeed3011fe8aa84b0ead01e4":"WR0026","___FK_35c5fcf6860c76330ead01e4":"STRC"},{"ID":"OP0048","EstimatedHrs":1,"OpnDescription":"INSPECT AND REPAIR METAL FLASHINGS.","OpnStatus":"START","___FK_eeed3011fe8aa84b0ead01e4":"WR0026","___FK_35c5fcf6860c76330ead01e4":"STRC"},{"ID":"OP0049","EstimatedHrs":18,"OpnDescription":"REPAIR OR CHECK FRAYED WIRES IMMEDIATE","OpnStatus":"","___FK_eeed3011fe8aa84b0ead01e4":"WR0027","___FK_35c5fcf6860c76330ead01e4":"ELEC"},{"ID":"OP0050","EstimatedHrs":6,"OpnDescription":"REPAIR OR CHECK FRAYED WIRES IMMEDIATE","OpnStatus":"HOLD","___FK_eeed3011fe8aa84b0ead01e4":"WR0027","___FK_35c5fcf6860c76330ead01e4":"ELEC"},{"ID":"OP0051","EstimatedHrs":7,"OpnDescription":"SCRAPE, PRIME AND PAINT BUILDING EXTERIO","OpnStatus":"START","___FK_eeed3011fe8aa84b0ead01e4":"WR0028","___FK_35c5fcf6860c76330ead01e4":"STRC"},{"ID":"OP0052","EstimatedHrs":4,"OpnDescription":"SCRAPE, PRIME AND PAINT BUILDING EXTERIO","OpnStatus":"START","___FK_eeed3011fe8aa84b0ead01e4":"WR0028","___FK_35c5fcf6860c76330ead01e4":"STRC"},{"ID":"OP0053","EstimatedHrs":5,"OpnDescription":"REMOVE AND REPLACE ALL DAMAGED EXTENSION CORDS.","OpnStatus":"HOLD","___FK_eeed3011fe8aa84b0ead01e4":"WR0029","___FK_35c5fcf6860c76330ead01e4":"ELEC"},{"ID":"OP0054","EstimatedHrs":9,"OpnDescription":"REMOVE AND REPLACE ALL DAMAGED EXTENSION CORDS.","OpnStatus":"START","___FK_eeed3011fe8aa84b0ead01e4":"WR0029","___FK_35c5fcf6860c76330ead01e4":"ELEC"},{"ID":"OP0055","EstimatedHrs":18,"OpnDescription":"PUMP OUT SEPTIC TANKS.  DATE LAST CLEANE","OpnStatus":"","___FK_eeed3011fe8aa84b0ead01e4":"WR0030","___FK_35c5fcf6860c76330ead01e4":"PLMB"},{"ID":"OP0056","EstimatedHrs":8,"OpnDescription":"PUMP OUT SEPTIC TANKS.  DATE LAST CLEANE","OpnStatus":"HOLD","___FK_eeed3011fe8aa84b0ead01e4":"WR0030","___FK_35c5fcf6860c76330ead01e4":"PLMB"},{"ID":"OP0057","EstimatedHrs":20,"OpnDescription":"RESEED WORN LAWN AREAS.","OpnStatus":"","___FK_eeed3011fe8aa84b0ead01e4":"WR0031","___FK_35c5fcf6860c76330ead01e4":"LAND"},{"ID":"OP0058","EstimatedHrs":3,"OpnDescription":"RESEED WORN LAWN AREAS.","OpnStatus":"START","___FK_eeed3011fe8aa84b0ead01e4":"WR0031","___FK_35c5fcf6860c76330ead01e4":"LAND"},{"ID":"OP0059","EstimatedHrs":4,"OpnDescription":"REPAIR LEAKING PIPE","OpnStatus":"HOLD","___FK_eeed3011fe8aa84b0ead01e4":"WR0032","___FK_35c5fcf6860c76330ead01e4":"PLMB"},{"ID":"OP0060","EstimatedHrs":7,"OpnDescription":"REPAIR LEAKING PIPE","OpnStatus":"","___FK_eeed3011fe8aa84b0ead01e4":"WR0032","___FK_35c5fcf6860c76330ead01e4":"PLMB"},{"ID":"OP0061","EstimatedHrs":17,"OpnDescription":"PUMP OUT SEPTIC TANKS.  DATE LAST CLEANE","OpnStatus":"START","___FK_eeed3011fe8aa84b0ead01e4":"WR0033","___FK_35c5fcf6860c76330ead01e4":"PLMB"},{"ID":"OP0062","EstimatedHrs":4,"OpnDescription":"PUMP OUT SEPTIC TANKS.  DATE LAST CLEANE","OpnStatus":"HOLD","___FK_eeed3011fe8aa84b0ead01e4":"WR0033","___FK_35c5fcf6860c76330ead01e4":"PLMB"},{"ID":"OP0063","EstimatedHrs":16,"OpnDescription":"INSURE SPACE IN FRONT OF ELECTRICAL PANE","OpnStatus":"HOLD","___FK_eeed3011fe8aa84b0ead01e4":"WR0034","___FK_35c5fcf6860c76330ead01e4":"ELEC"},{"ID":"OP0064","EstimatedHrs":5,"OpnDescription":"INSURE SPACE IN FRONT OF ELECTRICAL PANE","OpnStatus":"REDIRECT","___FK_eeed3011fe8aa84b0ead01e4":"WR0034","___FK_35c5fcf6860c76330ead01e4":"ELEC"},{"ID":"OP0065","EstimatedHrs":17,"OpnDescription":"REPAIR AND/OR PAINT FENCES.","OpnStatus":"START","___FK_eeed3011fe8aa84b0ead01e4":"WR0035","___FK_35c5fcf6860c76330ead01e4":"CREW"},{"ID":"OP0066","EstimatedHrs":18,"OpnDescription":"REPAIR AND/OR PAINT FENCES.","OpnStatus":"START","___FK_eeed3011fe8aa84b0ead01e4":"WR0035","___FK_35c5fcf6860c76330ead01e4":"CREW"},{"ID":"OP0067","EstimatedHrs":1,"OpnDescription":"INSPECT EXTERIOR WALLS FOR LOOSE MORTAR,","OpnStatus":"","___FK_eeed3011fe8aa84b0ead01e4":"WR0036","___FK_35c5fcf6860c76330ead01e4":"STRC"},{"ID":"OP0068","EstimatedHrs":17,"OpnDescription":"INSPECT EXTERIOR WALLS FOR LOOSE MORTAR,","OpnStatus":"","___FK_eeed3011fe8aa84b0ead01e4":"WR0036","___FK_35c5fcf6860c76330ead01e4":"STRC"},{"ID":"OP0069","EstimatedHrs":19,"OpnDescription":"CHECK WINDOWS, BLINDS, DRAPERIES, ETC.","OpnStatus":"START","___FK_eeed3011fe8aa84b0ead01e4":"WR0037","___FK_35c5fcf6860c76330ead01e4":"STRC"},{"ID":"OP0070","EstimatedHrs":7,"OpnDescription":"CHECK WINDOWS, BLINDS, DRAPERIES, ETC.","OpnStatus":"HOLD","___FK_eeed3011fe8aa84b0ead01e4":"WR0037","___FK_35c5fcf6860c76330ead01e4":"STRC"},{"ID":"OP0071","EstimatedHrs":6,"OpnDescription":"REPALCE REFRIGERATOR","OpnStatus":"REDIRECT","___FK_eeed3011fe8aa84b0ead01e4":"WR0038","___FK_35c5fcf6860c76330ead01e4":"APPL"},{"ID":"OP0072","EstimatedHrs":14,"OpnDescription":"REPALCE REFRIGERATOR","OpnStatus":"START","___FK_eeed3011fe8aa84b0ead01e4":"WR0038","___FK_35c5fcf6860c76330ead01e4":"APPL"},{"ID":"OP0073","EstimatedHrs":7,"OpnDescription":"RESEED WORN LAWN AREAS.","OpnStatus":"HOLD","___FK_eeed3011fe8aa84b0ead01e4":"WR0039","___FK_35c5fcf6860c76330ead01e4":"LAND"},{"ID":"OP0074","EstimatedHrs":14,"OpnDescription":"FIX WATER SPRINKLERS","OpnStatus":"HOLD","___FK_eeed3011fe8aa84b0ead01e4":"WR0039","___FK_35c5fcf6860c76330ead01e4":"CREW"},{"ID":"OP0075","EstimatedHrs":5,"OpnDescription":"REMOVE AND REPLACE CARPERT","OpnStatus":"START","___FK_eeed3011fe8aa84b0ead01e4":"WR0040","___FK_35c5fcf6860c76330ead01e4":"FLOR"},{"ID":"OP0076","EstimatedHrs":15,"OpnDescription":"REPAIR TRIM","OpnStatus":"","___FK_eeed3011fe8aa84b0ead01e4":"WR0040","___FK_35c5fcf6860c76330ead01e4":"SHOP"},{"ID":"OP0077","EstimatedHrs":1,"OpnDescription":"REMOVE AND REPLACE AND DISPOSE OF ALL FALLEN TREE LI","OpnStatus":"HOLD","___FK_eeed3011fe8aa84b0ead01e4":"WR0041","___FK_35c5fcf6860c76330ead01e4":"CREW"},{"ID":"OP0078","EstimatedHrs":12,"OpnDescription":"PLANT NEW TREES","OpnStatus":"HOLD","___FK_eeed3011fe8aa84b0ead01e4":"WR0041","___FK_35c5fcf6860c76330ead01e4":"CREW"},{"ID":"OP0079","EstimatedHrs":4,"OpnDescription":"REPLACE ALL WASHABLE WINDOW AC UNIT FILT","OpnStatus":"","___FK_eeed3011fe8aa84b0ead01e4":"WR0042","___FK_35c5fcf6860c76330ead01e4":"HVAC"},{"ID":"OP0080","EstimatedHrs":16,"OpnDescription":"FIX WINDOW","OpnStatus":"","___FK_eeed3011fe8aa84b0ead01e4":"WR0042","___FK_35c5fcf6860c76330ead01e4":"STRC"},{"ID":"OP0081","EstimatedHrs":4,"OpnDescription":"REPAIR WALL","OpnStatus":"HOLD","___FK_eeed3011fe8aa84b0ead01e4":"WR0043","___FK_35c5fcf6860c76330ead01e4":"STRC"},{"ID":"OP0082","EstimatedHrs":11,"OpnDescription":"PAINT WALLS","OpnStatus":"","___FK_eeed3011fe8aa84b0ead01e4":"WR0043","___FK_35c5fcf6860c76330ead01e4":"SHOP"},{"ID":"OP0083","EstimatedHrs":5,"OpnDescription":"REPALCE REFRIGERATOR","OpnStatus":"HOLD","___FK_eeed3011fe8aa84b0ead01e4":"WR0044","___FK_35c5fcf6860c76330ead01e4":"APPL"},{"ID":"OP0084","EstimatedHrs":8,"OpnDescription":"FIX CABINETS","OpnStatus":"HOLD","___FK_eeed3011fe8aa84b0ead01e4":"WR0044","___FK_35c5fcf6860c76330ead01e4":"SHOP"},{"ID":"OP0085","EstimatedHrs":1,"OpnDescription":"REPLACE HARDWOOD","OpnStatus":"START","___FK_eeed3011fe8aa84b0ead01e4":"WR0045","___FK_35c5fcf6860c76330ead01e4":"FLOR"},{"ID":"OP0086","EstimatedHrs":16,"OpnDescription":"REPLACE HARDWOOD","OpnStatus":"HOLD","___FK_eeed3011fe8aa84b0ead01e4":"WR0045","___FK_35c5fcf6860c76330ead01e4":"FLOR"},{"ID":"OP0087","EstimatedHrs":1,"OpnDescription":"REPLACE SPLIT SYSTEM AC UNITS, CLEAR OF DE","OpnStatus":"HOLD","___FK_eeed3011fe8aa84b0ead01e4":"WR0046","___FK_35c5fcf6860c76330ead01e4":"HVAC"},{"ID":"OP0088","EstimatedHrs":19,"OpnDescription":"REPLACE SPLIT SYSTEM AC UNITS, CLEAR OF DE","OpnStatus":"HOLD","___FK_eeed3011fe8aa84b0ead01e4":"WR0046","___FK_35c5fcf6860c76330ead01e4":"HVAC"},{"ID":"OP0089","EstimatedHrs":8,"OpnDescription":"SERVICE WELL PUMP AND WATER STORAGE TANK","OpnStatus":"","___FK_eeed3011fe8aa84b0ead01e4":"WR0047","___FK_35c5fcf6860c76330ead01e4":"MECH"},{"ID":"OP0090","EstimatedHrs":16,"OpnDescription":"SERVICE WELL PUMP AND WATER STORAGE TANK","OpnStatus":"HOLD","___FK_eeed3011fe8aa84b0ead01e4":"WR0047","___FK_35c5fcf6860c76330ead01e4":"MECH"},{"ID":"OP0091","EstimatedHrs":5,"OpnDescription":"REPLACE AND SERVICE PLAYGROUND EQUIPMENT A","OpnStatus":"","___FK_eeed3011fe8aa84b0ead01e4":"WR0048","___FK_35c5fcf6860c76330ead01e4":"CREW"},{"ID":"OP0092","EstimatedHrs":6,"OpnDescription":"REPLACE AND SERVICE PLAYGROUND EQUIPMENT A","OpnStatus":"HOLD","___FK_eeed3011fe8aa84b0ead01e4":"WR0048","___FK_35c5fcf6860c76330ead01e4":"CREW"},{"ID":"OP0093","EstimatedHrs":12,"OpnDescription":"REPLACE SPLIT SYSTEM AC UNITS, FLUSH DIR","OpnStatus":"START","___FK_eeed3011fe8aa84b0ead01e4":"WR0049","___FK_35c5fcf6860c76330ead01e4":"HVAC"},{"ID":"OP0094","EstimatedHrs":16,"OpnDescription":"REPLACE SPLIT SYSTEM AC UNITS, FLUSH DIR","OpnStatus":"START","___FK_eeed3011fe8aa84b0ead01e4":"WR0049","___FK_35c5fcf6860c76330ead01e4":"HVAC"},{"ID":"OP0095","EstimatedHrs":8,"OpnDescription":"REMOVE ANY MATERIALS AGAINST WALL THAT A","OpnStatus":"REDIRECT","___FK_eeed3011fe8aa84b0ead01e4":"WR0050","___FK_35c5fcf6860c76330ead01e4":"CREW"},{"ID":"OP0096","EstimatedHrs":4,"OpnDescription":"REMOVE ANY MATERIALS AGAINST WALL THAT A","OpnStatus":"REDIRECT","___FK_eeed3011fe8aa84b0ead01e4":"WR0050","___FK_35c5fcf6860c76330ead01e4":"CREW"},{"ID":"OP0097","EstimatedHrs":18,"OpnDescription":"REPAIR WALL","OpnStatus":"HOLD","___FK_eeed3011fe8aa84b0ead01e4":"WR0051","___FK_35c5fcf6860c76330ead01e4":"CREW"},{"ID":"OP0098","EstimatedHrs":3,"OpnDescription":"PAINT WALLS","OpnStatus":"HOLD","___FK_eeed3011fe8aa84b0ead01e4":"WR0051","___FK_35c5fcf6860c76330ead01e4":"SHOP"},{"ID":"OP0099","EstimatedHrs":15,"OpnDescription":"AC NOT WORKING","OpnStatus":"","___FK_eeed3011fe8aa84b0ead01e4":"WR0052","___FK_35c5fcf6860c76330ead01e4":"HVAC"},{"ID":"OP0100","EstimatedHrs":12,"OpnDescription":"REPLACE AC","OpnStatus":"","___FK_eeed3011fe8aa84b0ead01e4":"WR0052","___FK_35c5fcf6860c76330ead01e4":"HVAC"},{"ID":"OP0101","EstimatedHrs":11,"OpnDescription":"REPLACE FLOORING AND TILES","OpnStatus":"START","___FK_eeed3011fe8aa84b0ead01e4":"WR0053","___FK_35c5fcf6860c76330ead01e4":"FLOR"},{"ID":"OP0102","EstimatedHrs":19,"OpnDescription":"REPLACE FLOORING AND TILES","OpnStatus":"HOLD","___FK_eeed3011fe8aa84b0ead01e4":"WR0053","___FK_35c5fcf6860c76330ead01e4":"FLOR"},{"ID":"OP0103","EstimatedHrs":7,"OpnDescription":"WASH ACCUMULATED DIRT FROM BUILDING SURF","OpnStatus":"","___FK_eeed3011fe8aa84b0ead01e4":"WR0054","___FK_35c5fcf6860c76330ead01e4":"FLOR"},{"ID":"OP0104","EstimatedHrs":14,"OpnDescription":"WASH ACCUMULATED DIRT FROM BUILDING SURF","OpnStatus":"HOLD","___FK_eeed3011fe8aa84b0ead01e4":"WR0054","___FK_35c5fcf6860c76330ead01e4":"FLOR"},{"ID":"OP0105","EstimatedHrs":19,"OpnDescription":"REPLACE ROOF VALLEYS.","OpnStatus":"","___FK_eeed3011fe8aa84b0ead01e4":"WR0055","___FK_35c5fcf6860c76330ead01e4":"STRC"},{"ID":"OP0106","EstimatedHrs":6,"OpnDescription":"REPLACE ROOF VALLEYS.","OpnStatus":"START","___FK_eeed3011fe8aa84b0ead01e4":"WR0055","___FK_35c5fcf6860c76330ead01e4":"STRC"},{"ID":"OP0107","EstimatedHrs":1,"OpnDescription":"REPLACE STOVE","OpnStatus":"START","___FK_eeed3011fe8aa84b0ead01e4":"WR0056","___FK_35c5fcf6860c76330ead01e4":"APPL"},{"ID":"OP0108","EstimatedHrs":14,"OpnDescription":"REPLACE STOVE","OpnStatus":"","___FK_eeed3011fe8aa84b0ead01e4":"WR0056","___FK_35c5fcf6860c76330ead01e4":"APPL"},{"ID":"OP0109","EstimatedHrs":8,"OpnDescription":"REPAIR FLOORING CRACKS","OpnStatus":"START","___FK_eeed3011fe8aa84b0ead01e4":"WR0057","___FK_35c5fcf6860c76330ead01e4":"FLOR"},{"ID":"OP0110","EstimatedHrs":7,"OpnDescription":"REPAIR FLOORING CRACKS","OpnStatus":"","___FK_eeed3011fe8aa84b0ead01e4":"WR0057","___FK_35c5fcf6860c76330ead01e4":"FLOR"},{"ID":"OP0111","EstimatedHrs":16,"OpnDescription":"CHECK ROOF VALLEYS.","OpnStatus":"HOLD","___FK_eeed3011fe8aa84b0ead01e4":"WR0058","___FK_35c5fcf6860c76330ead01e4":"STRC"},{"ID":"OP0112","EstimatedHrs":20,"OpnDescription":"CHECK ROOF VALLEYS.","OpnStatus":"START","___FK_eeed3011fe8aa84b0ead01e4":"WR0058","___FK_35c5fcf6860c76330ead01e4":"STRC"},{"ID":"OP0113","EstimatedHrs":3,"OpnDescription":"SERVICE ALL VENTILATING EQUIPMENT.","OpnStatus":"","___FK_eeed3011fe8aa84b0ead01e4":"WR0059","___FK_35c5fcf6860c76330ead01e4":"HVAC"},{"ID":"OP0114","EstimatedHrs":18,"OpnDescription":"SERVICE ALL VENTILATING EQUIPMENT.","OpnStatus":"HOLD","___FK_eeed3011fe8aa84b0ead01e4":"WR0059","___FK_35c5fcf6860c76330ead01e4":"HVAC"},{"ID":"OP0115","EstimatedHrs":6,"OpnDescription":"PAINT GARAGE","OpnStatus":"START","___FK_eeed3011fe8aa84b0ead01e4":"WR0060","___FK_35c5fcf6860c76330ead01e4":"CREW"},{"ID":"OP0116","EstimatedHrs":16,"OpnDescription":"PAINT GARAGE","OpnStatus":"HOLD","___FK_eeed3011fe8aa84b0ead01e4":"WR0060","___FK_35c5fcf6860c76330ead01e4":"CREW"},{"ID":"OP0117","EstimatedHrs":2,"OpnDescription":"REPAIR GARAGE DOOR","OpnStatus":"HOLD","___FK_eeed3011fe8aa84b0ead01e4":"WR0061","___FK_35c5fcf6860c76330ead01e4":"MECH"},{"ID":"OP0118","EstimatedHrs":20,"OpnDescription":"REPAIR GARAGE DOOR","OpnStatus":"","___FK_eeed3011fe8aa84b0ead01e4":"WR0061","___FK_35c5fcf6860c76330ead01e4":"MECH"},{"ID":"OP0119","EstimatedHrs":5,"OpnDescription":"LUBRICATE EXTERIOR DOOR HINGES AND HARDW","OpnStatus":"","___FK_eeed3011fe8aa84b0ead01e4":"WR0062","___FK_35c5fcf6860c76330ead01e4":"MECH"},{"ID":"OP0120","EstimatedHrs":19,"OpnDescription":"LUBRICATE EXTERIOR DOOR HINGES AND HARDW","OpnStatus":"","___FK_eeed3011fe8aa84b0ead01e4":"WR0062","___FK_35c5fcf6860c76330ead01e4":"MECH"},{"ID":"OP0121","EstimatedHrs":8,"OpnDescription":"CHECK STOVE","OpnStatus":"HOLD","___FK_eeed3011fe8aa84b0ead01e4":"WR0063","___FK_35c5fcf6860c76330ead01e4":"APPL"},{"ID":"OP0122","EstimatedHrs":17,"OpnDescription":"CHECK STOVE","OpnStatus":"START","___FK_eeed3011fe8aa84b0ead01e4":"WR0063","___FK_35c5fcf6860c76330ead01e4":"APPL"},{"ID":"OP0123","EstimatedHrs":7,"OpnDescription":"REPALCE WATER HEATER","OpnStatus":"START","___FK_eeed3011fe8aa84b0ead01e4":"WR0064","___FK_35c5fcf6860c76330ead01e4":"MECH"},{"ID":"OP0124","EstimatedHrs":11,"OpnDescription":"REPALCE WATER HEATER","OpnStatus":"HOLD","___FK_eeed3011fe8aa84b0ead01e4":"WR0064","___FK_35c5fcf6860c76330ead01e4":"MECH"},{"ID":"OP0125","EstimatedHrs":12,"OpnDescription":"REPAIR POTHOLES & RESTRIPE IF NECESSARY.","OpnStatus":"HOLD","___FK_eeed3011fe8aa84b0ead01e4":"WR0065","___FK_35c5fcf6860c76330ead01e4":"CREW"},{"ID":"OP0126","EstimatedHrs":5,"OpnDescription":"REPAIR POTHOLES & RESTRIPE IF NECESSARY.","OpnStatus":"","___FK_eeed3011fe8aa84b0ead01e4":"WR0065","___FK_35c5fcf6860c76330ead01e4":"CREW"},{"ID":"OP0127","EstimatedHrs":13,"OpnDescription":"REPAIR LIGHT SWITCH","OpnStatus":"START","___FK_eeed3011fe8aa84b0ead01e4":"WR0066","___FK_35c5fcf6860c76330ead01e4":"ELEC"},{"ID":"OP0128","EstimatedHrs":12,"OpnDescription":"REPAIR LIGHT SWITCH","OpnStatus":"HOLD","___FK_eeed3011fe8aa84b0ead01e4":"WR0066","___FK_35c5fcf6860c76330ead01e4":"ELEC"},{"ID":"OP0129","EstimatedHrs":20,"OpnDescription":"CHECK & CLEANOUT OPENINGS, DOORS, ETC., ","OpnStatus":"START","___FK_eeed3011fe8aa84b0ead01e4":"WR0067","___FK_35c5fcf6860c76330ead01e4":"STRC"},{"ID":"OP0130","EstimatedHrs":5,"OpnDescription":"CHECK & CLEANOUT OPENINGS, DOORS, ETC., ","OpnStatus":"START","___FK_eeed3011fe8aa84b0ead01e4":"WR0067","___FK_35c5fcf6860c76330ead01e4":"STRC"},{"ID":"OP0131","EstimatedHrs":20,"OpnDescription":"INSPECT AND REPAIR ROOFING MATERIAL.","OpnStatus":"HOLD","___FK_eeed3011fe8aa84b0ead01e4":"WR0068","___FK_35c5fcf6860c76330ead01e4":"STRC"},{"ID":"OP0132","EstimatedHrs":20,"OpnDescription":"INSPECT AND REPAIR ROOFING MATERIAL.","OpnStatus":"","___FK_eeed3011fe8aa84b0ead01e4":"WR0068","___FK_35c5fcf6860c76330ead01e4":"STRC"},{"ID":"OP0133","EstimatedHrs":9,"OpnDescription":"TEST EMERGENCY LIGHTING SYSTEM.","OpnStatus":"START","___FK_eeed3011fe8aa84b0ead01e4":"WR0069","___FK_35c5fcf6860c76330ead01e4":"ELEC"},{"ID":"OP0134","EstimatedHrs":19,"OpnDescription":"TEST EMERGENCY LIGHTING SYSTEM.","OpnStatus":"HOLD","___FK_eeed3011fe8aa84b0ead01e4":"WR0069","___FK_35c5fcf6860c76330ead01e4":"ELEC"},{"ID":"OP0135","EstimatedHrs":7,"OpnDescription":"LUBRICATE EXTERIOR DOOR HINGES AND HARDW","OpnStatus":"","___FK_eeed3011fe8aa84b0ead01e4":"WR0070","___FK_35c5fcf6860c76330ead01e4":"MECH"},{"ID":"OP0136","EstimatedHrs":20,"OpnDescription":"LUBRICATE EXTERIOR DOOR HINGES AND HARDW","OpnStatus":"START","___FK_eeed3011fe8aa84b0ead01e4":"WR0070","___FK_35c5fcf6860c76330ead01e4":"MECH"},{"ID":"OP0137","EstimatedHrs":6,"OpnDescription":"REPLACE GARAGE DOOR","OpnStatus":"HOLD","___FK_eeed3011fe8aa84b0ead01e4":"WR0071","___FK_35c5fcf6860c76330ead01e4":"ELEC"},{"ID":"OP0138","EstimatedHrs":14,"OpnDescription":"REPLACE GARAGE DOOR","OpnStatus":"","___FK_eeed3011fe8aa84b0ead01e4":"WR0071","___FK_35c5fcf6860c76330ead01e4":"ELEC"},{"ID":"OP0139","EstimatedHrs":11,"OpnDescription":"REPLACE ROOF","OpnStatus":"HOLD","___FK_eeed3011fe8aa84b0ead01e4":"WR0072","___FK_35c5fcf6860c76330ead01e4":"STRC"},{"ID":"OP0140","EstimatedHrs":13,"OpnDescription":"REPLACE ROOF","OpnStatus":"START","___FK_eeed3011fe8aa84b0ead01e4":"WR0072","___FK_35c5fcf6860c76330ead01e4":"STRC"},{"ID":"OP0141","EstimatedHrs":3,"OpnDescription":"CHECK AND TEST ROOF DRAINS.","OpnStatus":"START","___FK_eeed3011fe8aa84b0ead01e4":"WR0073","___FK_35c5fcf6860c76330ead01e4":"STRC"},{"ID":"OP0142","EstimatedHrs":13,"OpnDescription":"CHECK AND TEST ROOF DRAINS.","OpnStatus":"HOLD","___FK_eeed3011fe8aa84b0ead01e4":"WR0073","___FK_35c5fcf6860c76330ead01e4":"STRC"},{"ID":"OP0143","EstimatedHrs":8,"OpnDescription":"CHECK WINDOW FRAME","OpnStatus":"HOLD","___FK_eeed3011fe8aa84b0ead01e4":"WR0074","___FK_35c5fcf6860c76330ead01e4":"STRC"},{"ID":"OP0144","EstimatedHrs":4,"OpnDescription":"CHECK WINDOW FRAME","OpnStatus":"HOLD","___FK_eeed3011fe8aa84b0ead01e4":"WR0074","___FK_35c5fcf6860c76330ead01e4":"STRC"},{"ID":"OP0145","EstimatedHrs":1,"OpnDescription":"REPLACE ELECTRICAL FIXTURE","OpnStatus":"","___FK_eeed3011fe8aa84b0ead01e4":"WR0075","___FK_35c5fcf6860c76330ead01e4":"ELEC"},{"ID":"OP0146","EstimatedHrs":1,"OpnDescription":"REPLACE ELECTRICAL FIXTURE","OpnStatus":"","___FK_eeed3011fe8aa84b0ead01e4":"WR0075","___FK_35c5fcf6860c76330ead01e4":"ELEC"},{"ID":"OP0147","EstimatedHrs":18,"OpnDescription":"REPAIR LEAKING FAUCETS AND FIXTURES.","OpnStatus":"START","___FK_eeed3011fe8aa84b0ead01e4":"WR0076","___FK_35c5fcf6860c76330ead01e4":"PLMB"},{"ID":"OP0148","EstimatedHrs":8,"OpnDescription":"REPAIR LEAKING FAUCETS AND FIXTURES.","OpnStatus":"HOLD","___FK_eeed3011fe8aa84b0ead01e4":"WR0076","___FK_35c5fcf6860c76330ead01e4":"PLMB"},{"ID":"OP0149","EstimatedHrs":10,"OpnDescription":"TEST EMERGENCY LIGHTING SYSTEM.","OpnStatus":"START","___FK_eeed3011fe8aa84b0ead01e4":"WR0077","___FK_35c5fcf6860c76330ead01e4":"ELEC"},{"ID":"OP0150","EstimatedHrs":4,"OpnDescription":"TEST EMERGENCY LIGHTING SYSTEM.","OpnStatus":"","___FK_eeed3011fe8aa84b0ead01e4":"WR0077","___FK_35c5fcf6860c76330ead01e4":"ELEC"},{"ID":"OP0151","EstimatedHrs":19,"OpnDescription":"REPLACE AND LUBE ALL DOOR LOCKS AND ADJUST","OpnStatus":"","___FK_eeed3011fe8aa84b0ead01e4":"WR0078","___FK_35c5fcf6860c76330ead01e4":"MECH"},{"ID":"OP0152","EstimatedHrs":17,"OpnDescription":"REPLACE AND LUBE ALL DOOR LOCKS AND ADJUST","OpnStatus":"START","___FK_eeed3011fe8aa84b0ead01e4":"WR0078","___FK_35c5fcf6860c76330ead01e4":"MECH"},{"ID":"OP0153","EstimatedHrs":14,"OpnDescription":"INSPECT AND RECAULK STONE OR CLAY TILE C","OpnStatus":"","___FK_eeed3011fe8aa84b0ead01e4":"WR0079","___FK_35c5fcf6860c76330ead01e4":"FLOR"},{"ID":"OP0154","EstimatedHrs":11,"OpnDescription":"INSPECT AND RECAULK STONE OR CLAY TILE C","OpnStatus":"HOLD","___FK_eeed3011fe8aa84b0ead01e4":"WR0079","___FK_35c5fcf6860c76330ead01e4":"FLOR"},{"ID":"OP0155","EstimatedHrs":5,"OpnDescription":"REPAIR LEAKING FAUCETS AND FIXTURES.","OpnStatus":"HOLD","___FK_eeed3011fe8aa84b0ead01e4":"WR0080","___FK_35c5fcf6860c76330ead01e4":"PLMB"},{"ID":"OP0156","EstimatedHrs":18,"OpnDescription":"REPAIR LEAKING FAUCETS AND FIXTURES.","OpnStatus":"","___FK_eeed3011fe8aa84b0ead01e4":"WR0080","___FK_35c5fcf6860c76330ead01e4":"PLMB"},{"ID":"OP0157","EstimatedHrs":16,"OpnDescription":"CHECK DOOR LOCK","OpnStatus":"","___FK_eeed3011fe8aa84b0ead01e4":"WR0081","___FK_35c5fcf6860c76330ead01e4":"STRC"},{"ID":"OP0158","EstimatedHrs":4,"OpnDescription":"CHECK DOOR LOCK","OpnStatus":"START","___FK_eeed3011fe8aa84b0ead01e4":"WR0081","___FK_35c5fcf6860c76330ead01e4":"STRC"},{"ID":"OP0159","EstimatedHrs":20,"OpnDescription":"CHECK /HOT WATER HEATER FOR ANY FUEL OR ","OpnStatus":"","___FK_eeed3011fe8aa84b0ead01e4":"WR0082","___FK_35c5fcf6860c76330ead01e4":"HVAC"},{"ID":"OP0160","EstimatedHrs":7,"OpnDescription":"CHECK /HOT WATER HEATER FOR ANY FUEL OR ","OpnStatus":"","___FK_eeed3011fe8aa84b0ead01e4":"WR0082","___FK_35c5fcf6860c76330ead01e4":"HVAC"},{"ID":"OP0161","EstimatedHrs":9,"OpnDescription":"REPLACE AND SECURE DOWNSPOUTS.","OpnStatus":"HOLD","___FK_eeed3011fe8aa84b0ead01e4":"WR0083","___FK_35c5fcf6860c76330ead01e4":"STRC"},{"ID":"OP0162","EstimatedHrs":20,"OpnDescription":"REPLACE AND SECURE DOWNSPOUTS.","OpnStatus":"","___FK_eeed3011fe8aa84b0ead01e4":"WR0083","___FK_35c5fcf6860c76330ead01e4":"STRC"},{"ID":"OP0163","EstimatedHrs":16,"OpnDescription":"SERVICE ALL AIR-CONDITIONING EQUIPMENT.","OpnStatus":"","___FK_eeed3011fe8aa84b0ead01e4":"WR0084","___FK_35c5fcf6860c76330ead01e4":"HVAC"},{"ID":"OP0164","EstimatedHrs":9,"OpnDescription":"SERVICE ALL AIR-CONDITIONING EQUIPMENT.","OpnStatus":"","___FK_eeed3011fe8aa84b0ead01e4":"WR0084","___FK_35c5fcf6860c76330ead01e4":"HVAC"},{"ID":"OP0165","EstimatedHrs":17,"OpnDescription":"INSPECT AND RECAULK STONE OR CLAY TILE C","OpnStatus":"START","___FK_eeed3011fe8aa84b0ead01e4":"WR0085","___FK_35c5fcf6860c76330ead01e4":"FLOR"},{"ID":"OP0166","EstimatedHrs":9,"OpnDescription":"INSPECT AND RECAULK STONE OR CLAY TILE C","OpnStatus":"START","___FK_eeed3011fe8aa84b0ead01e4":"WR0085","___FK_35c5fcf6860c76330ead01e4":"FLOR"},{"ID":"OP0167","EstimatedHrs":4,"OpnDescription":"REPLACE /HOT WATER HEATER FOR ANY FUEL OR ","OpnStatus":"START","___FK_eeed3011fe8aa84b0ead01e4":"WR0086","___FK_35c5fcf6860c76330ead01e4":"HVAC"},{"ID":"OP0168","EstimatedHrs":13,"OpnDescription":"REPLACE /HOT WATER HEATER FOR ANY FUEL OR ","OpnStatus":"HOLD","___FK_eeed3011fe8aa84b0ead01e4":"WR0086","___FK_35c5fcf6860c76330ead01e4":"HVAC"},{"ID":"OP0169","EstimatedHrs":5,"OpnDescription":"CHECK AND SECURE DOWNSPOUTS.","OpnStatus":"HOLD","___FK_eeed3011fe8aa84b0ead01e4":"WR0087","___FK_35c5fcf6860c76330ead01e4":"STRC"},{"ID":"OP0170","EstimatedHrs":7,"OpnDescription":"CHECK AND SECURE DOWNSPOUTS.","OpnStatus":"HOLD","___FK_eeed3011fe8aa84b0ead01e4":"WR0087","___FK_35c5fcf6860c76330ead01e4":"STRC"},{"ID":"OP0171","EstimatedHrs":18,"OpnDescription":"INSPECT AND CLEAN OUT GREASE TRAPS.","OpnStatus":"HOLD","___FK_eeed3011fe8aa84b0ead01e4":"WR0088","___FK_35c5fcf6860c76330ead01e4":"MECH"},{"ID":"OP0172","EstimatedHrs":3,"OpnDescription":"INSPECT AND CLEAN OUT GREASE TRAPS.","OpnStatus":"START","___FK_eeed3011fe8aa84b0ead01e4":"WR0088","___FK_35c5fcf6860c76330ead01e4":"MECH"},{"ID":"OP0173","EstimatedHrs":14,"OpnDescription":"SERVICE ALL AIR-CONDITIONING EQUIPMENT.","OpnStatus":"","___FK_eeed3011fe8aa84b0ead01e4":"WR0089","___FK_35c5fcf6860c76330ead01e4":"HVAC"},{"ID":"OP0174","EstimatedHrs":2,"OpnDescription":"SERVICE ALL AIR-CONDITIONING EQUIPMENT.","OpnStatus":"","___FK_eeed3011fe8aa84b0ead01e4":"WR0089","___FK_35c5fcf6860c76330ead01e4":"HVAC"},{"ID":"OP0175","EstimatedHrs":19,"OpnDescription":"REPLACE CABINETS","OpnStatus":"START","___FK_eeed3011fe8aa84b0ead01e4":"WR0090","___FK_35c5fcf6860c76330ead01e4":"SHOP"},{"ID":"OP0176","EstimatedHrs":2,"OpnDescription":"REPAINT WALL","OpnStatus":"","___FK_eeed3011fe8aa84b0ead01e4":"WR0090","___FK_35c5fcf6860c76330ead01e4":"SHOP"},{"ID":"OP0177","EstimatedHrs":12,"OpnDescription":"CLEAN WINDOWS","OpnStatus":"","___FK_eeed3011fe8aa84b0ead01e4":"WR0091","___FK_35c5fcf6860c76330ead01e4":"CREW"},{"ID":"OP0178","EstimatedHrs":4,"OpnDescription":"CLEAN WINDOWS","OpnStatus":"START","___FK_eeed3011fe8aa84b0ead01e4":"WR0091","___FK_35c5fcf6860c76330ead01e4":"CREW"},{"ID":"OP0179","EstimatedHrs":9,"OpnDescription":"REPLACE BURNED OUT LIGHT BULBS.  ","OpnStatus":"HOLD","___FK_eeed3011fe8aa84b0ead01e4":"WR0092","___FK_35c5fcf6860c76330ead01e4":"ELEC"},{"ID":"OP0180","EstimatedHrs":7,"OpnDescription":"REPLACE BURNED OUT LIGHT BULBS.  ","OpnStatus":"","___FK_eeed3011fe8aa84b0ead01e4":"WR0092","___FK_35c5fcf6860c76330ead01e4":"ELEC"},{"ID":"OP0181","EstimatedHrs":7,"OpnDescription":"REPLACE BROKEN WINDOW GLASS AS NEEDED.","OpnStatus":"HOLD","___FK_eeed3011fe8aa84b0ead01e4":"WR0093","___FK_35c5fcf6860c76330ead01e4":"STRC"},{"ID":"OP0182","EstimatedHrs":5,"OpnDescription":"REPLACE BROKEN WINDOW GLASS AS NEEDED.","OpnStatus":"","___FK_eeed3011fe8aa84b0ead01e4":"WR0093","___FK_35c5fcf6860c76330ead01e4":"STRC"},{"ID":"OP0183","EstimatedHrs":17,"OpnDescription":"INSPECT AND REPAIR METAL FLASHINGS.","OpnStatus":"START","___FK_eeed3011fe8aa84b0ead01e4":"WR0094","___FK_35c5fcf6860c76330ead01e4":"STRC"},{"ID":"OP0184","EstimatedHrs":4,"OpnDescription":"INSPECT AND REPAIR METAL FLASHINGS.","OpnStatus":"START","___FK_eeed3011fe8aa84b0ead01e4":"WR0094","___FK_35c5fcf6860c76330ead01e4":"STRC"},{"ID":"OP0185","EstimatedHrs":6,"OpnDescription":"REPAIR OR REPLACE FRAYED WIRES IMMEDIATE","OpnStatus":"HOLD","___FK_eeed3011fe8aa84b0ead01e4":"WR0095","___FK_35c5fcf6860c76330ead01e4":"ELEC"},{"ID":"OP0186","EstimatedHrs":7,"OpnDescription":"REPAIR OR REPLACE FRAYED WIRES IMMEDIATE","OpnStatus":"START","___FK_eeed3011fe8aa84b0ead01e4":"WR0095","___FK_35c5fcf6860c76330ead01e4":"ELEC"},{"ID":"OP0187","EstimatedHrs":19,"OpnDescription":"INSURE SPACE IN FRONT OF ELECTRICAL PANE","OpnStatus":"START","___FK_eeed3011fe8aa84b0ead01e4":"WR0096","___FK_35c5fcf6860c76330ead01e4":"ELEC"},{"ID":"OP0188","EstimatedHrs":3,"OpnDescription":"INSURE SPACE IN FRONT OF ELECTRICAL PANE","OpnStatus":"HOLD","___FK_eeed3011fe8aa84b0ead01e4":"WR0096","___FK_35c5fcf6860c76330ead01e4":"ELEC"},{"ID":"OP0189","EstimatedHrs":10,"OpnDescription":"REPAIR AND/OR PAINT FENCES.","OpnStatus":"HOLD","___FK_eeed3011fe8aa84b0ead01e4":"WR0097","___FK_35c5fcf6860c76330ead01e4":"STRC"},{"ID":"OP0190","EstimatedHrs":14,"OpnDescription":"REPAIR AND/OR PAINT FENCES.","OpnStatus":"","___FK_eeed3011fe8aa84b0ead01e4":"WR0097","___FK_35c5fcf6860c76330ead01e4":"STRC"},{"ID":"OP0191","EstimatedHrs":13,"OpnDescription":"REMOVE CARPERT","OpnStatus":"","___FK_eeed3011fe8aa84b0ead01e4":"WR0098","___FK_35c5fcf6860c76330ead01e4":"FLOR"},{"ID":"OP0192","EstimatedHrs":9,"OpnDescription":"REMOVE CARPERT","OpnStatus":"","___FK_eeed3011fe8aa84b0ead01e4":"WR0098","___FK_35c5fcf6860c76330ead01e4":"FLOR"},{"ID":"OP0193","EstimatedHrs":11,"OpnDescription":"CHECK SPLIT SYSTEM AC UNITS, CLEAR OF DE","OpnStatus":"HOLD","___FK_eeed3011fe8aa84b0ead01e4":"WR0099","___FK_35c5fcf6860c76330ead01e4":"HVAC"},{"ID":"OP0194","EstimatedHrs":11,"OpnDescription":"CHECK SPLIT SYSTEM AC UNITS, CLEAR OF DE","OpnStatus":"HOLD","___FK_eeed3011fe8aa84b0ead01e4":"WR0099","___FK_35c5fcf6860c76330ead01e4":"HVAC"},{"ID":"OP0195","EstimatedHrs":13,"OpnDescription":"REPAIR OR REPLACE NON-FUNCTIONING SWITCH","OpnStatus":"","___FK_eeed3011fe8aa84b0ead01e4":"WR0100","___FK_35c5fcf6860c76330ead01e4":"ELEC"},{"ID":"OP0196","EstimatedHrs":8,"OpnDescription":"REPAIR OR REPLACE NON-FUNCTIONING SWITCH","OpnStatus":"START","___FK_eeed3011fe8aa84b0ead01e4":"WR0100","___FK_35c5fcf6860c76330ead01e4":"ELEC"},{"ID":"OP0197","EstimatedHrs":7,"OpnDescription":"CHECK EXTERIOR DOORS FOR PROPER OPERATIO","OpnStatus":"START","___FK_eeed3011fe8aa84b0ead01e4":"WR0101","___FK_35c5fcf6860c76330ead01e4":"STRC"},{"ID":"OP0198","EstimatedHrs":13,"OpnDescription":"CHECK EXTERIOR DOORS FOR PROPER OPERATIO","OpnStatus":"","___FK_eeed3011fe8aa84b0ead01e4":"WR0101","___FK_35c5fcf6860c76330ead01e4":"STRC"},{"ID":"OP0199","EstimatedHrs":1,"OpnDescription":"SERVICE LAWNMOWERS & OTHER EQUIPMENT","OpnStatus":"HOLD","___FK_eeed3011fe8aa84b0ead01e4":"WR0102","___FK_35c5fcf6860c76330ead01e4":"MECH"},{"ID":"OP0200","EstimatedHrs":10,"OpnDescription":"SERVICE LAWNMOWERS & OTHER EQUIPMENT","OpnStatus":"","___FK_eeed3011fe8aa84b0ead01e4":"WR0102","___FK_35c5fcf6860c76330ead01e4":"MECH"},{"ID":"OP0201","EstimatedHrs":5,"OpnDescription":"CHECK WALKWAY SURFACES, PATCH AND REPAIR","OpnStatus":"","___FK_eeed3011fe8aa84b0ead01e4":"WR0103","___FK_35c5fcf6860c76330ead01e4":"CREW"},{"ID":"OP0202","EstimatedHrs":20,"OpnDescription":"CHECK WALKWAY SURFACES, PATCH AND REPAIR","OpnStatus":"HOLD","___FK_eeed3011fe8aa84b0ead01e4":"WR0103","___FK_35c5fcf6860c76330ead01e4":"CREW"},{"ID":"OP0203","EstimatedHrs":6,"OpnDescription":"REPLACE CRACKED OR MISSING PUTTY OR CAUL","OpnStatus":"","___FK_eeed3011fe8aa84b0ead01e4":"WR0104","___FK_35c5fcf6860c76330ead01e4":"FLOR"},{"ID":"OP0204","EstimatedHrs":11,"OpnDescription":"REPLACE CRACKED OR MISSING PUTTY OR CAUL","OpnStatus":"HOLD","___FK_eeed3011fe8aa84b0ead01e4":"WR0104","___FK_35c5fcf6860c76330ead01e4":"FLOR"},{"ID":"OP0205","EstimatedHrs":17,"OpnDescription":"SCRAPE, PRIME AND PAINT BUILDING EXTERIO","OpnStatus":"","___FK_eeed3011fe8aa84b0ead01e4":"WR0105","___FK_35c5fcf6860c76330ead01e4":"STRC"},{"ID":"OP0206","EstimatedHrs":4,"OpnDescription":"SCRAPE, PRIME AND PAINT BUILDING EXTERIO","OpnStatus":"","___FK_eeed3011fe8aa84b0ead01e4":"WR0105","___FK_35c5fcf6860c76330ead01e4":"STRC"},{"ID":"OP0207","EstimatedHrs":4,"OpnDescription":"REPLACE ELECTRICAL PANEL","OpnStatus":"START","___FK_eeed3011fe8aa84b0ead01e4":"WR0106","___FK_35c5fcf6860c76330ead01e4":"ELEC"},{"ID":"OP0208","EstimatedHrs":12,"OpnDescription":"REPLACE ELECTRICAL PANEL","OpnStatus":"START","___FK_eeed3011fe8aa84b0ead01e4":"WR0106","___FK_35c5fcf6860c76330ead01e4":"ELEC"},{"ID":"OP0209","EstimatedHrs":15,"OpnDescription":"INSPECT EXTERIOR WALLS FOR LOOSE MORTAR,","OpnStatus":"START","___FK_eeed3011fe8aa84b0ead01e4":"WR0107","___FK_35c5fcf6860c76330ead01e4":"STRC"},{"ID":"OP0210","EstimatedHrs":9,"OpnDescription":"INSPECT EXTERIOR WALLS FOR LOOSE MORTAR,","OpnStatus":"","___FK_eeed3011fe8aa84b0ead01e4":"WR0107","___FK_35c5fcf6860c76330ead01e4":"STRC"},{"ID":"OP0211","EstimatedHrs":11,"OpnDescription":"REPLACE WINDOW FRAMES","OpnStatus":"HOLD","___FK_eeed3011fe8aa84b0ead01e4":"WR0108","___FK_35c5fcf6860c76330ead01e4":"STRC"},{"ID":"OP0212","EstimatedHrs":18,"OpnDescription":"REPLACE WINDOW FRAMES","OpnStatus":"","___FK_eeed3011fe8aa84b0ead01e4":"WR0108","___FK_35c5fcf6860c76330ead01e4":"STRC"},{"ID":"OP0213","EstimatedHrs":4,"OpnDescription":"REMOVE AND DISPOSE OF ALL FALLEN TREE LI","OpnStatus":"","___FK_eeed3011fe8aa84b0ead01e4":"WR0109","___FK_35c5fcf6860c76330ead01e4":"LAND"},{"ID":"OP0214","EstimatedHrs":7,"OpnDescription":"REMOVE AND DISPOSE OF ALL FALLEN TREE LI","OpnStatus":"","___FK_eeed3011fe8aa84b0ead01e4":"WR0109","___FK_35c5fcf6860c76330ead01e4":"LAND"},{"ID":"OP0215","EstimatedHrs":12,"OpnDescription":"SERVICE WELL PUMP AND WATER STORAGE TANK","OpnStatus":"START","___FK_eeed3011fe8aa84b0ead01e4":"WR0110","___FK_35c5fcf6860c76330ead01e4":"PLMB"},{"ID":"OP0216","EstimatedHrs":12,"OpnDescription":"SERVICE WELL PUMP AND WATER STORAGE TANK","OpnStatus":"START","___FK_eeed3011fe8aa84b0ead01e4":"WR0110","___FK_35c5fcf6860c76330ead01e4":"PLMB"},{"ID":"OP0217","EstimatedHrs":2,"OpnDescription":"CHECK AND SERVICE PLAYGROUND EQUIPMENT A","OpnStatus":"HOLD","___FK_eeed3011fe8aa84b0ead01e4":"WR0111","___FK_35c5fcf6860c76330ead01e4":"LAND"},{"ID":"OP0218","EstimatedHrs":15,"OpnDescription":"CHECK AND SERVICE PLAYGROUND EQUIPMENT A","OpnStatus":"START","___FK_eeed3011fe8aa84b0ead01e4":"WR0111","___FK_35c5fcf6860c76330ead01e4":"LAND"},{"ID":"OP0219","EstimatedHrs":20,"OpnDescription":"REMOVE EXCESS BRUSH ADJACENT TO BLDG WAL","OpnStatus":"START","___FK_eeed3011fe8aa84b0ead01e4":"WR0112","___FK_35c5fcf6860c76330ead01e4":"LAND"},{"ID":"OP0220","EstimatedHrs":9,"OpnDescription":"REMOVE EXCESS BRUSH ADJACENT TO BLDG WAL","OpnStatus":"","___FK_eeed3011fe8aa84b0ead01e4":"WR0112","___FK_35c5fcf6860c76330ead01e4":"LAND"},{"ID":"OP0221","EstimatedHrs":8,"OpnDescription":"WASH ACCUMULATED DIRT FROM BUILDING SURF","OpnStatus":"","___FK_eeed3011fe8aa84b0ead01e4":"WR0113","___FK_35c5fcf6860c76330ead01e4":"CREW"},{"ID":"OP0222","EstimatedHrs":19,"OpnDescription":"WASH ACCUMULATED DIRT FROM BUILDING SURF","OpnStatus":"HOLD","___FK_eeed3011fe8aa84b0ead01e4":"WR0113","___FK_35c5fcf6860c76330ead01e4":"CREW"},{"ID":"OP0223","EstimatedHrs":17,"OpnDescription":"SERVICE ALL VENTILATING EQUIPMENT.","OpnStatus":"START","___FK_eeed3011fe8aa84b0ead01e4":"WR0114","___FK_35c5fcf6860c76330ead01e4":"HVAC"},{"ID":"OP0224","EstimatedHrs":5,"OpnDescription":"SERVICE ALL VENTILATING EQUIPMENT.","OpnStatus":"HOLD","___FK_eeed3011fe8aa84b0ead01e4":"WR0114","___FK_35c5fcf6860c76330ead01e4":"HVAC"},{"ID":"OP0225","EstimatedHrs":5,"OpnDescription":"PAINT WALKWAY MARKINGS.","OpnStatus":"START","___FK_eeed3011fe8aa84b0ead01e4":"WR0115","___FK_35c5fcf6860c76330ead01e4":"FLOR"},{"ID":"OP0226","EstimatedHrs":6,"OpnDescription":"PAINT WALKWAY MARKINGS.","OpnStatus":"HOLD","___FK_eeed3011fe8aa84b0ead01e4":"WR0115","___FK_35c5fcf6860c76330ead01e4":"FLOR"},{"ID":"OP0227","EstimatedHrs":1,"OpnDescription":"REPAIR POTHOLES & RESTRIPE IF NECESSARY.","OpnStatus":"","___FK_eeed3011fe8aa84b0ead01e4":"WR0116","___FK_35c5fcf6860c76330ead01e4":"CREW"},{"ID":"OP0228","EstimatedHrs":3,"OpnDescription":"REPAIR POTHOLES & RESTRIPE IF NECESSARY.","OpnStatus":"HOLD","___FK_eeed3011fe8aa84b0ead01e4":"WR0116","___FK_35c5fcf6860c76330ead01e4":"CREW"},{"ID":"OP0229","EstimatedHrs":11,"OpnDescription":"REPAIR LIGHT SWITCH","OpnStatus":"","___FK_eeed3011fe8aa84b0ead01e4":"WR0117","___FK_35c5fcf6860c76330ead01e4":"ELEC"},{"ID":"OP0230","EstimatedHrs":2,"OpnDescription":"REPAIR LIGHT SWITCH","OpnStatus":"HOLD","___FK_eeed3011fe8aa84b0ead01e4":"WR0117","___FK_35c5fcf6860c76330ead01e4":"ELEC"},{"ID":"OP0231","EstimatedHrs":20,"OpnDescription":"REPLACE AND TEST ROOF DRAINS.","OpnStatus":"HOLD","___FK_eeed3011fe8aa84b0ead01e4":"WR0118","___FK_35c5fcf6860c76330ead01e4":"STRC"},{"ID":"OP0232","EstimatedHrs":12,"OpnDescription":"REPLACE AND TEST ROOF DRAINS.","OpnStatus":"HOLD","___FK_eeed3011fe8aa84b0ead01e4":"WR0118","___FK_35c5fcf6860c76330ead01e4":"STRC"},{"ID":"OP0233","EstimatedHrs":19,"OpnDescription":"REPLACE WINDOW FRAME","OpnStatus":"HOLD","___FK_eeed3011fe8aa84b0ead01e4":"WR0119","___FK_35c5fcf6860c76330ead01e4":"STRC"},{"ID":"OP0234","EstimatedHrs":4,"OpnDescription":"REPLACE WINDOW FRAME","OpnStatus":"START","___FK_eeed3011fe8aa84b0ead01e4":"WR0119","___FK_35c5fcf6860c76330ead01e4":"STRC"},{"ID":"OP0235","EstimatedHrs":2,"OpnDescription":"REMOVE ANY BLOCKAGE OF WALK WAYS AND KEE","OpnStatus":"","___FK_eeed3011fe8aa84b0ead01e4":"WR0120","___FK_35c5fcf6860c76330ead01e4":"FLOR"},{"ID":"OP0236","EstimatedHrs":2,"OpnDescription":"REMOVE ANY BLOCKAGE OF WALK WAYS AND KEE","OpnStatus":"HOLD","___FK_eeed3011fe8aa84b0ead01e4":"WR0120","___FK_35c5fcf6860c76330ead01e4":"FLOR"},{"ID":"OP0237","EstimatedHrs":20,"OpnDescription":"CHECK AND LUBE ALL DOOR LOCKS AND ADJUST","OpnStatus":"START","___FK_eeed3011fe8aa84b0ead01e4":"WR0121","___FK_35c5fcf6860c76330ead01e4":"STRC"},{"ID":"OP0238","EstimatedHrs":14,"OpnDescription":"CHECK AND LUBE ALL DOOR LOCKS AND ADJUST","OpnStatus":"START","___FK_eeed3011fe8aa84b0ead01e4":"WR0121","___FK_35c5fcf6860c76330ead01e4":"STRC"},{"ID":"OP0239","EstimatedHrs":5,"OpnDescription":"REPLACE DOOR LOCK","OpnStatus":"START","___FK_eeed3011fe8aa84b0ead01e4":"WR0122","___FK_35c5fcf6860c76330ead01e4":"STRC"},{"ID":"OP0240","EstimatedHrs":3,"OpnDescription":"REPLACE DOOR LOCK","OpnStatus":"","___FK_eeed3011fe8aa84b0ead01e4":"WR0122","___FK_35c5fcf6860c76330ead01e4":"STRC"}]