{
    "dataBinding": {
        "/webapp/view/LaunchPad.view.xml": {
            "entitySet": ""
        }, 
        "/webapp/view/MeetingRoomInventory.view.xml": {
            "entitySet": ""
        }, 
        "/webapp/view/CreateOrder.view.xml": {
            "entitySet": "/BuildingSet"
        }, 
        "/webapp/view/InvoiceCreator.view.xml": {
            "entitySet": "/PReqsSet"
        }, 
        "/webapp/view/ContactUs.view.xml": {
            "entitySet": "/QuerySet"
        }, 
        "/webapp/view/LoginPage.view.xml": {
            "entitySet": ""
        }, 
        "/webapp/view/Amenities.view.xml": {
            "entitySet": "/MeetingRoomSet"
        }, 
        "/webapp/view/Popover2.view.xml": {
            "entitySet": ""
        }, 
        "/webapp/view/Dialog1.view.xml": {
            "entitySet": ""
        }, 
        "/webapp/view/Popover1.view.xml": {
            "entitySet": "/OrderSet"
        } 
    }
}