{"static":{},"combined":{"OrderSet":[{"ID":"WR0001"},{"ID":"WR0002"},{"ID":"WR0003"},{"ID":"WR0004"},{"ID":"WR0005"},{"ID":"WR0006"},{"ID":"WR0007"},{"ID":"WR0008"},{"ID":"WR0009"},{"ID":"WR0010"},{"ID":"WR0011"},{"ID":"WR0012"},{"ID":"WR0013"},{"ID":"WR0014"},{"ID":"WR0015"},{"ID":"WR0016"},{"ID":"WR0017"},{"ID":"WR0018"},{"ID":"WR0019"},{"ID":"WR0020"},{"ID":"WR0021"},{"ID":"WR0022"},{"ID":"WR0023"},{"ID":"WR0024"},{"ID":"WR0025"},{"ID":"WR0026"},{"ID":"WR0027"},{"ID":"WR0028"},{"ID":"WR0029"},{"ID":"WR0030"},{"ID":"WR0031"},{"ID":"WR0032"},{"ID":"WR0033"},{"ID":"WR0034"},{"ID":"WR0035"},{"ID":"WR0036"},{"ID":"WR0037"},{"ID":"WR0038"},{"ID":"WR0039"},{"ID":"WR0040"},{"ID":"WR0041"},{"ID":"WR0042"},{"ID":"WR0043"},{"ID":"WR0044"},{"ID":"WR0045"},{"ID":"WR0046"},{"ID":"WR0047"},{"ID":"WR0048"},{"ID":"WR0049"},{"ID":"WR0050"},{"ID":"WR0051"},{"ID":"WR0052"},{"ID":"WR0053"},{"ID":"WR0054"},{"ID":"WR0055"},{"ID":"WR0056"},{"ID":"WR0057"},{"ID":"WR0058"},{"ID":"WR0059"},{"ID":"WR0060"},{"ID":"WR0061"},{"ID":"WR0062"},{"ID":"WR0063"},{"ID":"WR0064"},{"ID":"WR0065"},{"ID":"WR0066"},{"ID":"WR0067"},{"ID":"WR0068"},{"ID":"WR0069"},{"ID":"WR0070"},{"ID":"WR0071"},{"ID":"WR0072"},{"ID":"WR0073"},{"ID":"WR0074"},{"ID":"WR0075"},{"ID":"WR0076"},{"ID":"WR0077"},{"ID":"WR0078"},{"ID":"WR0079"},{"ID":"WR0080"},{"ID":"WR0081"},{"ID":"WR0082"},{"ID":"WR0083"},{"ID":"WR0084"},{"ID":"WR0085"},{"ID":"WR0086"},{"ID":"WR0087"},{"ID":"WR0088"},{"ID":"WR0089"},{"ID":"WR0090"},{"ID":"WR0091"},{"ID":"WR0092"},{"ID":"WR0093"},{"ID":"WR0094"},{"ID":"WR0095"},{"ID":"WR0096"},{"ID":"WR0097"},{"ID":"WR0098"},{"ID":"WR0099"},{"ID":"WR0100"},{"ID":"WR0101"},{"ID":"WR0102"},{"ID":"WR0103"},{"ID":"WR0104"},{"ID":"WR0105"},{"ID":"WR0106"},{"ID":"WR0107"},{"ID":"WR0108"},{"ID":"WR0109"},{"ID":"WR0110"},{"ID":"WR0111"},{"ID":"WR0112"},{"ID":"WR0113"},{"ID":"WR0114"},{"ID":"WR0115"},{"ID":"WR0116"},{"ID":"WR0117"},{"ID":"WR0118"},{"ID":"WR0119"},{"ID":"WR0120"},{"ID":"WR0121"},{"ID":"WR0122"}],"LocationSet":[{"ID":"AIRPO","Street":"Airport Parkway ","LocationDescription":"48 Airport Parkway ","Ward":"Ward 1","BuildOwner":"James","Phone":"613-340-3128","LocationURL":"http://maps.google.com/?q=48%Airport%Parkway%Ottawa%Ontario","YTDWater":567,"YTDHydro":9029,"YTDOrders":41,"YTDProjects":2,"YTDCost":11650,"YTDUtilityCost":38727},{"ID":"ALBER","Street":"Albert Street ","LocationDescription":"27 Albert Street ","Ward":"Ward 2","BuildOwner":"Richard","Phone":"613-899-5998","LocationURL":"http://maps.google.com/?q=27%Albert%Street%Ottawa%Ontario","YTDWater":685,"YTDHydro":5152,"YTDOrders":35,"YTDProjects":2,"YTDCost":28294,"YTDUtilityCost":25114},{"ID":"ALBIO","Street":"Albion Road ","LocationDescription":"719 Albion Road ","Ward":"Ward 3","BuildOwner":"Jack","Phone":"613-498-5393","LocationURL":"http://maps.google.com/?q=719%Albion%Road %Ottawa%Ontario","YTDWater":784,"YTDHydro":5857,"YTDOrders":11,"YTDProjects":0,"YTDCost":63138,"YTDUtilityCost":-3312},{"ID":"ALTA","Street":"Alta Vista Drive ","LocationDescription":"571 Alta Vista Drive ","Ward":"Ward 4","BuildOwner":"Ann","Phone":"613-801-5519","LocationURL":"http://maps.google.com/?q=571%Alta%Vista%Drive %Ottawa%Ontario","YTDWater":681,"YTDHydro":5817,"YTDOrders":73,"YTDProjects":1,"YTDCost":44497,"YTDUtilityCost":69255},{"ID":"ANDER","Street":"Anderson Road ","LocationDescription":"77 Anderson Road ","Ward":"Ward 5","BuildOwner":"Irene","Phone":"613-422-2230","LocationURL":"http://maps.google.com/?q=77%Anderson%Road %Ottawa%Ontario","YTDWater":518,"YTDHydro":8985,"YTDOrders":43,"YTDProjects":3,"YTDCost":70025,"YTDUtilityCost":32981},{"ID":"AVIAT","Street":"Aviation Parkway ","LocationDescription":"8 Aviation Parkway ","Ward":"Ward 6","BuildOwner":"Todd","Phone":"613-819-9905","LocationURL":"http://maps.google.com/?q=8%Aviation%Parkway %Ottawa%Ontario","YTDWater":525,"YTDHydro":10744,"YTDOrders":12,"YTDProjects":2,"YTDCost":18605,"YTDUtilityCost":5148},{"ID":"BANK","Street":"Bank Street ","LocationDescription":"615 Bank Street ","Ward":"Ward 7","BuildOwner":"Harry","Phone":"613-606-1460","LocationURL":"http://maps.google.com/?q=615%Bank%Street %Ottawa%Ontario","YTDWater":779,"YTDHydro":8316,"YTDOrders":11,"YTDProjects":1,"YTDCost":73949,"YTDUtilityCost":9207},{"ID":"BANKF","Street":"Bankfield Road ","LocationDescription":"50 Bankfield Road ","Ward":"Ward 8","BuildOwner":"Carolyn","Phone":"613-349-3082","LocationURL":"http://maps.google.com/?q=50%Bankfield%Road %Ottawa%Ontario","YTDWater":510,"YTDHydro":8054,"YTDOrders":68,"YTDProjects":3,"YTDCost":58765,"YTDUtilityCost":59437},{"ID":"BASEL","Street":"Baseline Road ","LocationDescription":"370 Baseline Road ","Ward":"Ward 9","BuildOwner":"Mary","Phone":"613-101-5752","LocationURL":"http://maps.google.com/?q=370%Baseline%Road %Ottawa%Ontario","YTDWater":648,"YTDHydro":10579,"YTDOrders":2,"YTDProjects":2,"YTDCost":23672,"YTDUtilityCost":-7373},{"ID":"BEECH","Street":"Beechwood Avenue ","LocationDescription":"165 Beechwood Avenue ","Ward":"Ward 10","BuildOwner":"Christopher","Phone":"613-828-2487","LocationURL":"http://maps.google.com/?q=165%Beechwood%Avenue %Ottawa%Ontario","YTDWater":709,"YTDHydro":5644,"YTDOrders":39,"YTDProjects":1,"YTDCost":96062,"YTDUtilityCost":25198},{"ID":"BLAIR","Street":"Blair Road ","LocationDescription":"401 Blair Road ","Ward":"Ward 11","BuildOwner":"Gary","Phone":"613-844-6825","LocationURL":"http://maps.google.com/?q=401%Blair%Road %Ottawa%Ontario","YTDWater":669,"YTDHydro":8266,"YTDOrders":63,"YTDProjects":1,"YTDCost":33042,"YTDUtilityCost":53131},{"ID":"BOOTH","Street":"Booth Street ","LocationDescription":"616 Booth Street ","Ward":"Ward 12","BuildOwner":"Martin","Phone":"613-978-4648","LocationURL":"http://maps.google.com/?q=616%Booth%Street %Ottawa%Ontario","YTDWater":734,"YTDHydro":8981,"YTDOrders":9,"YTDProjects":1,"YTDCost":1100,"YTDUtilityCost":6811},{"ID":"BOUND","Street":"Boundary Road ","LocationDescription":"110 Boundary Road ","Ward":"Ward 13","BuildOwner":"Phyllis","Phone":"613-955-2505","LocationURL":"http://maps.google.com/?q=110%Boundary%Road %Ottawa%Ontario","YTDWater":602,"YTDHydro":7490,"YTDOrders":60,"YTDProjects":0,"YTDCost":12550,"YTDUtilityCost":55645},{"ID":"BRIDG","Street":"Bridge Street","LocationDescription":"344 Bridge Street","Ward":"Ward 14","BuildOwner":"Lois","Phone":"613-724-4313","LocationURL":"http://maps.google.com/?q=344%Bridge%Street%Ottawa%Ontario","YTDWater":531,"YTDHydro":9374,"YTDOrders":49,"YTDProjects":4,"YTDCost":42359,"YTDUtilityCost":36093},{"ID":"BRONS","Street":"Bronson Avenue ","LocationDescription":"765 Bronson Avenue ","Ward":"Ward 15","BuildOwner":"Johnny","Phone":"613-698-9676","LocationURL":"http://maps.google.com/?q=765%Bronson%Avenue %Ottawa%Ontario","YTDWater":781,"YTDHydro":8301,"YTDOrders":59,"YTDProjects":1,"YTDCost":35139,"YTDUtilityCost":54588},{"ID":"BROOK","Street":"Brookfield Road ","LocationDescription":"386 Brookfield Road ","Ward":"Ward 16","BuildOwner":"Jesse","Phone":"613-688-7261","LocationURL":"http://maps.google.com/?q=386%Brookfield%Road %Ottawa%Ontario","YTDWater":596,"YTDHydro":10265,"YTDOrders":38,"YTDProjects":1,"YTDCost":6931,"YTDUtilityCost":28791},{"ID":"CAMBR","Street":"Cambrian Road ","LocationDescription":"458 Cambrian Road ","Ward":"Ward 17","BuildOwner":"Roger","Phone":"613-452-8817","LocationURL":"http://maps.google.com/?q=458%Cambrian%Road %Ottawa%Ontario","YTDWater":739,"YTDHydro":10480,"YTDOrders":92,"YTDProjects":1,"YTDCost":114344,"YTDUtilityCost":82015},{"ID":"CAMER","Street":"Cameron Street ","LocationDescription":"441 Cameron Street ","Ward":"Ward 18","BuildOwner":"Mark","Phone":"613-295-6029","LocationURL":"http://maps.google.com/?q=441%Cameron%Street %Ottawa%Ontario","YTDWater":719,"YTDHydro":4534,"YTDOrders":87,"YTDProjects":2,"YTDCost":18253,"YTDUtilityCost":83155},{"ID":"CAMPE","Street":"Campeau Drive ","LocationDescription":"218 Campeau Drive ","Ward":"Ward 19","BuildOwner":"Diane","Phone":"613-478-9790","LocationURL":"http://maps.google.com/?q=218%Campeau%Drive %Ottawa%Ontario","YTDWater":566,"YTDHydro":10871,"YTDOrders":64,"YTDProjects":3,"YTDCost":43530,"YTDUtilityCost":54742},{"ID":"CARLI","Street":"Carling Avenue ","LocationDescription":"287 Carling Avenue ","Ward":"Ward 20","BuildOwner":"Betty","Phone":"613-521-6612","LocationURL":"http://maps.google.com/?q=287%Carling%Avenue %Ottawa%Ontario","YTDWater":597,"YTDHydro":9109,"YTDOrders":53,"YTDProjects":0,"YTDCost":6114,"YTDUtilityCost":39113},{"ID":"CARP","Street":"Carp Road ","LocationDescription":"550 Carp Road ","Ward":"Ward 21","BuildOwner":"Joe","Phone":"613-858-1109","LocationURL":"http://maps.google.com/?q=550%Carp%Road %Ottawa%Ontario","YTDWater":676,"YTDHydro":5128,"YTDOrders":100,"YTDProjects":3,"YTDCost":12892,"YTDUtilityCost":92711},{"ID":"CASTL","Street":"Castlefrank Road ","LocationDescription":"294 Castlefrank Road ","Ward":"Ward 23","BuildOwner":"Terry","Phone":"613-206-6587","LocationURL":"http://maps.google.com/?q=294%Castlefrank%Road %Ottawa%Ontario","YTDWater":758,"YTDHydro":9520,"YTDOrders":17,"YTDProjects":4,"YTDCost":853,"YTDUtilityCost":9429},{"ID":"CATHE","Street":"Catherine Street ","LocationDescription":"398 Catherine Street ","Ward":"Ward 24","BuildOwner":"Alice","Phone":"613-242-3195","LocationURL":"http://maps.google.com/?q=398%Catherine%Street %Ottawa%Ontario","YTDWater":665,"YTDHydro":6167,"YTDOrders":9,"YTDProjects":2,"YTDCost":69729,"YTDUtilityCost":6843},{"ID":"CEDAR","Street":"Cedarview Road ","LocationDescription":"631 Cedarview Road ","Ward":"Ward 1","BuildOwner":"Scott","Phone":"613-427-1637","LocationURL":"http://maps.google.com/?q=631%Cedarview%Road %Ottawa%Ontario","YTDWater":734,"YTDHydro":10437,"YTDOrders":91,"YTDProjects":3,"YTDCost":7285,"YTDUtilityCost":87956},{"ID":"CENTU","Street":"Century Road","LocationDescription":"100 Century Road","Ward":"Ward 2","BuildOwner":"Jerry","Phone":"613-388-2080","LocationURL":"http://maps.google.com/?q=100%Century%Road%Ottawa%Ontario","YTDWater":556,"YTDHydro":9848,"YTDOrders":57,"YTDProjects":1,"YTDCost":78134,"YTDUtilityCost":49196},{"ID":"CHAMB","Street":"Chamberlain Avenue ","LocationDescription":"314 Chamberlain Avenue ","Ward":"Ward 3","BuildOwner":"Nicholas","Phone":"613-703-5295","LocationURL":"http://maps.google.com/?q=314%Chamberlain%Avenue %Ottawa%Ontario","YTDWater":698,"YTDHydro":8324,"YTDOrders":48,"YTDProjects":3,"YTDCost":58099,"YTDUtilityCost":46061},{"ID":"CHARL","Street":"Charlotte Street ","LocationDescription":"476 Charlotte Street ","Ward":"Ward 4","BuildOwner":"Kimberly","Phone":"613-289-5091","LocationURL":"http://maps.google.com/?q=476%Charlotte%Street %Ottawa%Ontario","YTDWater":697,"YTDHydro":10608,"YTDOrders":94,"YTDProjects":2,"YTDCost":8981,"YTDUtilityCost":81177},{"ID":"CLYDE","Street":"Clyde Avenue ","LocationDescription":"115 Clyde Avenue ","Ward":"Ward 5","BuildOwner":"Charles","Phone":"613-318-2845","LocationURL":"http://maps.google.com/?q=115%Clyde%Avenue %Ottawa%Ontario","YTDWater":518,"YTDHydro":10501,"YTDOrders":62,"YTDProjects":3,"YTDCost":34119,"YTDUtilityCost":46927},{"ID":"COLON","Street":"Colonel By Drive ","LocationDescription":"201 Colonel By Drive ","Ward":"Ward 6","BuildOwner":"Earl","Phone":"613-260-4837","LocationURL":"http://maps.google.com/?q=201%Colonel%By%Drive %Ottawa%Ontario","YTDWater":590,"YTDHydro":8797,"YTDOrders":74,"YTDProjects":3,"YTDCost":48548,"YTDUtilityCost":62817},{"ID":"CONRO","Street":"Conroy Road ","LocationDescription":"532 Conroy Road ","Ward":"Ward 8","BuildOwner":"Gerald","Phone":"613-599-8521","LocationURL":"http://maps.google.com/?q=532%Conroy%Road %Ottawa%Ontario","YTDWater":593,"YTDHydro":10498,"YTDOrders":45,"YTDProjects":2,"YTDCost":4847,"YTDUtilityCost":35352},{"ID":"CORKS","Street":"Corkstown Road ","LocationDescription":"592 Corkstown Road ","Ward":"Ward 9","BuildOwner":"Stephanie","Phone":"613-660-1889","LocationURL":"http://maps.google.com/?q=592%Corkstown%Road %Ottawa%Ontario","YTDWater":606,"YTDHydro":7407,"YTDOrders":73,"YTDProjects":1,"YTDCost":80211,"YTDUtilityCost":66168},{"ID":"COVEN","Street":"Coventry Road ","LocationDescription":"763 Coventry Road ","Ward":"Ward 10","BuildOwner":"Matthew","Phone":"613-555-4954","LocationURL":"http://maps.google.com/?q=763%Coventry%Road %Ottawa%Ontario","YTDWater":772,"YTDHydro":5789,"YTDOrders":51,"YTDProjects":1,"YTDCost":83159,"YTDUtilityCost":38378},{"ID":"CRAIG","Street":"Craig Side Road","LocationDescription":"473 Craig Side Road","Ward":"Ward 11","BuildOwner":"Ernest","Phone":"613-912-9918","LocationURL":"http://maps.google.com/?q=473%Craig%Side%Road%Ottawa%Ontario","YTDWater":509,"YTDHydro":10640,"YTDOrders":85,"YTDProjects":3,"YTDCost":11972,"YTDUtilityCost":74616},{"ID":"DALME","Street":"Dalmeny Road ","LocationDescription":"692 Dalmeny Road ","Ward":"Ward 12","BuildOwner":"Kathryn","Phone":"613-821-7086","LocationURL":"http://maps.google.com/?q=692%Dalmeny%Road %Ottawa%Ontario","YTDWater":789,"YTDHydro":11553,"YTDOrders":22,"YTDProjects":2,"YTDCost":41166,"YTDUtilityCost":10095},{"ID":"DEVIN","Street":"Devine Road ","LocationDescription":"456 Devine Road ","Ward":"Ward 13","BuildOwner":"Craig","Phone":"613-190-7554","LocationURL":"http://maps.google.com/?q=456%Devine%Road %Ottawa%Ontario","YTDWater":700,"YTDHydro":4843,"YTDOrders":13,"YTDProjects":1,"YTDCost":65361,"YTDUtilityCost":8884},{"ID":"DILWO","Street":"Dilworth Road ","LocationDescription":"510 Dilworth Road ","Ward":"Ward 14","BuildOwner":"Kenneth","Phone":"613-238-2259","LocationURL":"http://maps.google.com/?q=510%Dilworth%Road %Ottawa%Ontario","YTDWater":514,"YTDHydro":5927,"YTDOrders":10,"YTDProjects":0,"YTDCost":25184,"YTDUtilityCost":7642},{"ID":"DONAL","Street":"Donald B. Munro Drive ","LocationDescription":"583 Donald B. Munro Drive ","Ward":"Ward 15","BuildOwner":"Shirley","Phone":"613-275-7590","LocationURL":"http://maps.google.com/?q=583%Donald%B.%Munro%Drive %Ottawa%Ontario","YTDWater":750,"YTDHydro":5405,"YTDOrders":26,"YTDProjects":4,"YTDCost":79067,"YTDUtilityCost":16658},{"ID":"DONNE","Street":"Donnelly Drive ","LocationDescription":"10 Donnelly Drive ","Ward":"Ward 16","BuildOwner":"Ruby","Phone":"613-197-9830","LocationURL":"http://maps.google.com/?q=10%Donnelly%Drive %Ottawa%Ontario","YTDWater":589,"YTDHydro":10377,"YTDOrders":68,"YTDProjects":2,"YTDCost":89795,"YTDUtilityCost":63253},{"ID":"DUNNI","Street":"Dunning Road ","LocationDescription":"501 Dunning Road ","Ward":"Ward 17","BuildOwner":"Michelle","Phone":"613-357-8168","LocationURL":"http://maps.google.com/?q=501%Dunning%Road %Ottawa%Ontario","YTDWater":634,"YTDHydro":7818,"YTDOrders":66,"YTDProjects":2,"YTDCost":52146,"YTDUtilityCost":58152},{"ID":"DUNRO","Street":"Dunrobin Road ","LocationDescription":"323 Dunrobin Road ","Ward":"Ward 18","BuildOwner":"Debra","Phone":"613-102-7921","LocationURL":"http://maps.google.com/?q=323%Dunrobin%Road %Ottawa%Ontario","YTDWater":617,"YTDHydro":5000,"YTDOrders":40,"YTDProjects":0,"YTDCost":9740,"YTDUtilityCost":30570},{"ID":"DWYER","Street":"Dwyer Hill Road ","LocationDescription":"83 Dwyer Hill Road ","Ward":"Ward 19","BuildOwner":"Julie","Phone":"613-818-8435","LocationURL":"http://maps.google.com/?q=83%Dwyer%Hill%Road %Ottawa%Ontario","YTDWater":786,"YTDHydro":10991,"YTDOrders":92,"YTDProjects":0,"YTDCost":4066,"YTDUtilityCost":85973},{"ID":"EAGLE","Street":"Eagleson Road ","LocationDescription":"506 Eagleson Road ","Ward":"Ward 20","BuildOwner":"Ashley","Phone":"613-903-1189","LocationURL":"http://maps.google.com/?q=506%Eagleson%Road %Ottawa%Ontario","YTDWater":557,"YTDHydro":10078,"YTDOrders":92,"YTDProjects":3,"YTDCost":43365,"YTDUtilityCost":85795},{"ID":"EARL","Street":"Earl Armstrong Road ","LocationDescription":"715 Earl Armstrong Road ","Ward":"Ward 21","BuildOwner":"Maria","Phone":"613-121-4689","LocationURL":"http://maps.google.com/?q=715%Earl%Armstrong%Road %Ottawa%Ontario","YTDWater":513,"YTDHydro":11583,"YTDOrders":76,"YTDProjects":1,"YTDCost":28410,"YTDUtilityCost":71182},{"ID":"ELGIN","Street":"Elgin Street ","LocationDescription":"584 Elgin Street ","Ward":"Ward 22","BuildOwner":"Bobby","Phone":"613-437-9255","LocationURL":"http://maps.google.com/?q=584%Elgin%Street %Ottawa%Ontario","YTDWater":774,"YTDHydro":11579,"YTDOrders":26,"YTDProjects":2,"YTDCost":15114,"YTDUtilityCost":14940},{"ID":"FALLO","Street":"Fallowfield Road ","LocationDescription":"784 Fallowfield Road ","Ward":"Ward 23","BuildOwner":"Juan","Phone":"613-713-1635","LocationURL":"http://maps.google.com/?q=784%Fallowfield%Road %Ottawa%Ontario","YTDWater":560,"YTDHydro":6282,"YTDOrders":59,"YTDProjects":2,"YTDCost":1666,"YTDUtilityCost":49251},{"ID":"FERNB","Street":"Fernbank Road ","LocationDescription":"14 Fernbank Road ","Ward":"Ward 24","BuildOwner":"Christina","Phone":"613-542-6751","LocationURL":"http://maps.google.com/?q=14%Fernbank%Road %Ottawa%Ontario","YTDWater":779,"YTDHydro":7123,"YTDOrders":71,"YTDProjects":2,"YTDCost":91456,"YTDUtilityCost":63741},{"ID":"FERRY","Street":"Ferry Road ","LocationDescription":"91 Ferry Road ","Ward":"Ward 1","BuildOwner":"Jean","Phone":"613-947-5681","LocationURL":"http://maps.google.com/?q=91%Ferry%Road %Ottawa%Ontario","YTDWater":768,"YTDHydro":5741,"YTDOrders":80,"YTDProjects":0,"YTDCost":56692,"YTDUtilityCost":68229},{"ID":"FISHE","Street":"Fisher Avenue ","LocationDescription":"788 Fisher Avenue ","Ward":"Ward 2","BuildOwner":"Jeremy","Phone":"613-582-3237","LocationURL":"http://maps.google.com/?q=788%Fisher%Avenue %Ottawa%Ontario","YTDWater":756,"YTDHydro":5219,"YTDOrders":74,"YTDProjects":3,"YTDCost":2625,"YTDUtilityCost":59998},{"ID":"FLEWE","Street":"Flewellyn Road ","LocationDescription":"65 Flewellyn Road ","Ward":"Ward 3","BuildOwner":"Henry","Phone":"613-851-4350","LocationURL":"http://maps.google.com/?q=65%Flewellyn%Road %Ottawa%Ontario","YTDWater":559,"YTDHydro":8264,"YTDOrders":47,"YTDProjects":1,"YTDCost":32640,"YTDUtilityCost":40583},{"ID":"FOURT","Street":"Fourth Line Road ","LocationDescription":"254 Fourth Line Road ","Ward":"Ward 4","BuildOwner":"Marilyn","Phone":"613-965-8053","LocationURL":"http://maps.google.com/?q=254%Fourth%Line%Road %Ottawa%Ontario","YTDWater":669,"YTDHydro":6233,"YTDOrders":48,"YTDProjects":0,"YTDCost":19737,"YTDUtilityCost":43725},{"ID":"FRANK","Street":"Frank Kenny Road ","LocationDescription":"660 Frank Kenny Road ","Ward":"Ward 5","BuildOwner":"Russell","Phone":"613-617-4508","LocationURL":"http://maps.google.com/?q=660%Frank%Kenny%Road %Ottawa%Ontario","YTDWater":763,"YTDHydro":9601,"YTDOrders":53,"YTDProjects":2,"YTDCost":14761,"YTDUtilityCost":41744},{"ID":"GALET","Street":"Galetta Side Road ","LocationDescription":"20 Galetta Side Road ","Ward":"Ward 7","BuildOwner":"Tammy","Phone":"613-682-7398","LocationURL":"http://maps.google.com/?q=20%Galetta%Side%Road %Ottawa%Ontario","YTDWater":657,"YTDHydro":5495,"YTDOrders":22,"YTDProjects":5,"YTDCost":64517,"YTDUtilityCost":15990},{"ID":"GLADS","Street":"Gladstone Avenue ","LocationDescription":"359 Gladstone Avenue ","Ward":"Ward 8","BuildOwner":"Louis","Phone":"613-955-5159","LocationURL":"http://maps.google.com/?q=359%Gladstone%Avenue %Ottawa%Ontario","YTDWater":784,"YTDHydro":4758,"YTDOrders":94,"YTDProjects":3,"YTDCost":44506,"YTDUtilityCost":79485},{"ID":"GREEN","Street":"Greenbank Road ","LocationDescription":"97 Greenbank Road ","Ward":"Ward 9","BuildOwner":"Margaret","Phone":"613-529-8862","LocationURL":"http://maps.google.com/?q=97%Greenbank%Road %Ottawa%Ontario","YTDWater":781,"YTDHydro":11945,"YTDOrders":45,"YTDProjects":1,"YTDCost":72979,"YTDUtilityCost":41945},{"ID":"GREGO","Street":"Gregoire Road ","LocationDescription":"55 Gregoire Road ","Ward":"Ward 10","BuildOwner":"Fred","Phone":"613-482-1106","LocationURL":"http://maps.google.com/?q=55%Gregoire%Road %Ottawa%Ontario","YTDWater":798,"YTDHydro":6176,"YTDOrders":49,"YTDProjects":1,"YTDCost":49517,"YTDUtilityCost":36011},{"ID":"HARBO","Street":"Harbour Street ","LocationDescription":"474 Harbour Street ","Ward":"Ward 11","BuildOwner":"Adam","Phone":"613-381-1810","LocationURL":"http://maps.google.com/?q=474%Harbour%Street %Ottawa%Ontario","YTDWater":711,"YTDHydro":7820,"YTDOrders":52,"YTDProjects":2,"YTDCost":10145,"YTDUtilityCost":50107},{"ID":"HAWTH","Street":"Hawthorne Avenue","LocationDescription":"414 Hawthorne Avenue","Ward":"Ward 12","BuildOwner":"Jane","Phone":"613-796-6495","LocationURL":"http://maps.google.com/?q=414%Hawthorne%Avenue%Ottawa%Ontario","YTDWater":782,"YTDHydro":6532,"YTDOrders":75,"YTDProjects":0,"YTDCost":75437,"YTDUtilityCost":65931},{"ID":"HAZEL","Street":"Hazeldean Road ","LocationDescription":"80 Hazeldean Road ","Ward":"Ward 14","BuildOwner":"Helen","Phone":"613-816-5496","LocationURL":"http://maps.google.com/?q=80%Hazeldean%Road %Ottawa%Ontario","YTDWater":555,"YTDHydro":7866,"YTDOrders":67,"YTDProjects":2,"YTDCost":25144,"YTDUtilityCost":57733},{"ID":"HEMLO","Street":"Hemlock Road ","LocationDescription":"708 Hemlock Road ","Ward":"Ward 15","BuildOwner":"Julia","Phone":"613-203-9797","LocationURL":"http://maps.google.com/?q=708%Hemlock%Road %Ottawa%Ontario","YTDWater":589,"YTDHydro":5152,"YTDOrders":35,"YTDProjects":1,"YTDCost":39748,"YTDUtilityCost":27100},{"ID":"HERON","Street":"Heron Road ","LocationDescription":"506 Heron Road ","Ward":"Ward 16","BuildOwner":"Norma","Phone":"613-482-2178","LocationURL":"http://maps.google.com/?q=506%Heron%Road %Ottawa%Ontario","YTDWater":706,"YTDHydro":5265,"YTDOrders":5,"YTDProjects":0,"YTDCost":59497,"YTDUtilityCost":-3311},{"ID":"HIGHL","Street":"Highland Road","LocationDescription":"81 Highland Road","Ward":"Ward 17","BuildOwner":"Rachel","Phone":"613-405-9822","LocationURL":"http://maps.google.com/?q=81%Highland%Road%Ottawa%Ontario","YTDWater":758,"YTDHydro":7873,"YTDOrders":28,"YTDProjects":1,"YTDCost":6931,"YTDUtilityCost":22711},{"ID":"HIGHW","Street":"Highway 417 ","LocationDescription":"673 Highway 417 ","Ward":"Ward 18","BuildOwner":"Jacqueline","Phone":"613-288-5959","LocationURL":"http://maps.google.com/?q=673%Highway%417 %Ottawa%Ontario","YTDWater":794,"YTDHydro":5305,"YTDOrders":91,"YTDProjects":3,"YTDCost":56844,"YTDUtilityCost":82817},{"ID":"HOGS","Street":"Hogs Back Road ","LocationDescription":"675 Hogs Back Road ","Ward":"Ward 20","BuildOwner":"Ruth","Phone":"613-736-1965","LocationURL":"http://maps.google.com/?q=675%Hogs%Back%Road %Ottawa%Ontario","YTDWater":649,"YTDHydro":9818,"YTDOrders":37,"YTDProjects":3,"YTDCost":18871,"YTDUtilityCost":30552},{"ID":"HOLLY","Street":"Holly Acres Road ","LocationDescription":"72 Holly Acres Road ","Ward":"Ward 21","BuildOwner":"Peter","Phone":"613-785-6082","LocationURL":"http://maps.google.com/?q=72%Holly%Acres%Road %Ottawa%Ontario","YTDWater":664,"YTDHydro":5689,"YTDOrders":58,"YTDProjects":1,"YTDCost":67126,"YTDUtilityCost":55398},{"ID":"HOPE","Street":"Hope Side Road ","LocationDescription":"428 Hope Side Road ","Ward":"Ward 22","BuildOwner":"Victor","Phone":"613-595-4593","LocationURL":"http://maps.google.com/?q=428%Hope%Side%Road %Ottawa%Ontario","YTDWater":646,"YTDHydro":10411,"YTDOrders":92,"YTDProjects":0,"YTDCost":64683,"YTDUtilityCost":85347},{"ID":"HUNT","Street":"Hunt Club Road ","LocationDescription":"271 Hunt Club Road ","Ward":"Ward 23","BuildOwner":"Sandra","Phone":"613-641-6286","LocationURL":"http://maps.google.com/?q=271%Hunt%Club%Road %Ottawa%Ontario","YTDWater":742,"YTDHydro":4738,"YTDOrders":48,"YTDProjects":2,"YTDCost":60141,"YTDUtilityCost":37964},{"ID":"HUNTL","Street":"Huntley Road ","LocationDescription":"377 Huntley Road ","Ward":"Ward 24","BuildOwner":"Wayne","Phone":"613-687-3377","LocationURL":"http://maps.google.com/?q=377%Huntley%Road %Ottawa%Ontario","YTDWater":713,"YTDHydro":7125,"YTDOrders":16,"YTDProjects":2,"YTDCost":90440,"YTDUtilityCost":10376},{"ID":"HUNTM","Street":"Huntmar Drive ","LocationDescription":"299 Huntmar Drive ","Ward":"Ward 1","BuildOwner":"Albert","Phone":"613-616-6232","LocationURL":"http://maps.google.com/?q=299%Huntmar%Drive %Ottawa%Ontario","YTDWater":762,"YTDHydro":6291,"YTDOrders":55,"YTDProjects":2,"YTDCost":59025,"YTDUtilityCost":43523},{"ID":"INDUS","Street":"Industrial Avenue ","LocationDescription":"761 Industrial Avenue ","Ward":"Ward 2","BuildOwner":"Brian","Phone":"613-919-7108","LocationURL":"http://maps.google.com/?q=761%Industrial%Avenue %Ottawa%Ontario","YTDWater":641,"YTDHydro":10262,"YTDOrders":12,"YTDProjects":1,"YTDCost":12233,"YTDUtilityCost":8334},{"ID":"INNES","Street":"Innes Road ","LocationDescription":"216 Innes Road ","Ward":"Ward 3","BuildOwner":"Dennis","Phone":"613-617-8517","LocationURL":"http://maps.google.com/?q=216%Innes%Road %Ottawa%Ontario","YTDWater":509,"YTDHydro":7998,"YTDOrders":51,"YTDProjects":2,"YTDCost":66299,"YTDUtilityCost":50013},{"ID":"ISLAN","Street":"Island Park Drive ","LocationDescription":"120 Island Park Drive ","Ward":"Ward 4","BuildOwner":"Rebecca","Phone":"613-878-8015","LocationURL":"http://maps.google.com/?q=120%Island%Park%Drive %Ottawa%Ontario","YTDWater":532,"YTDHydro":11863,"YTDOrders":44,"YTDProjects":0,"YTDCost":86726,"YTDUtilityCost":29826},{"ID":"JEANN","Street":"Jeanne d'Arc Boulevard ","LocationDescription":"165 Jeanne d'Arc Boulevard ","Ward":"Ward 5","BuildOwner":"Bruce","Phone":"613-705-2356","LocationURL":"http://maps.google.com/?q=165%Jeanne%d'Arc%Boulevard %Ottawa%Ontario","YTDWater":666,"YTDHydro":7477,"YTDOrders":99,"YTDProjects":4,"YTDCost":29231,"YTDUtilityCost":93956},{"ID":"JOCKV","Street":"Jockvale Road ","LocationDescription":"79 Jockvale Road ","Ward":"Ward 6","BuildOwner":"Chris","Phone":"613-982-9548","LocationURL":"http://maps.google.com/?q=79%Jockvale%Road %Ottawa%Ontario","YTDWater":651,"YTDHydro":11883,"YTDOrders":81,"YTDProjects":3,"YTDCost":29856,"YTDUtilityCost":69609},{"ID":"KATIM","Street":"Katimavik Road ","LocationDescription":"311 Katimavik Road ","Ward":"Ward 7","BuildOwner":"Joshua","Phone":"613-490-2004","LocationURL":"http://maps.google.com/?q=311%Katimavik%Road %Ottawa%Ontario","YTDWater":562,"YTDHydro":11500,"YTDOrders":81,"YTDProjects":1,"YTDCost":30801,"YTDUtilityCost":67767},{"ID":"KENT","Street":"Kent Street ","LocationDescription":"411 Kent Street ","Ward":"Ward 8","BuildOwner":"Carlos","Phone":"613-264-6812","LocationURL":"http://maps.google.com/?q=411%Kent%Street %Ottawa%Ontario","YTDWater":643,"YTDHydro":8664,"YTDOrders":28,"YTDProjects":2,"YTDCost":60406,"YTDUtilityCost":23143},{"ID":"KINBU","Street":"Kinburn Side Road ","LocationDescription":"35 Kinburn Side Road ","Ward":"Ward 9","BuildOwner":"Keith","Phone":"613-827-8468","LocationURL":"http://maps.google.com/?q=35%Kinburn%Side%Road %Ottawa%Ontario","YTDWater":534,"YTDHydro":9530,"YTDOrders":34,"YTDProjects":1,"YTDCost":28689,"YTDUtilityCost":23931},{"ID":"KING","Street":"King Edward Avenue ","LocationDescription":"563 King Edward Avenue ","Ward":"Ward 10","BuildOwner":"Steve","Phone":"613-574-3152","LocationURL":"http://maps.google.com/?q=563%King%Edward%Avenue %Ottawa%Ontario","YTDWater":638,"YTDHydro":6606,"YTDOrders":37,"YTDProjects":1,"YTDCost":27819,"YTDUtilityCost":32585},{"ID":"KIRKW","Street":"Kirkwood Avenue ","LocationDescription":"222 Kirkwood Avenue ","Ward":"Ward 11","BuildOwner":"William","Phone":"613-147-7781","LocationURL":"http://maps.google.com/?q=222%Kirkwood%Avenue %Ottawa%Ontario","YTDWater":797,"YTDHydro":5534,"YTDOrders":30,"YTDProjects":2,"YTDCost":5760,"YTDUtilityCost":22563},{"ID":"LAURI","Street":"Laurier Avenue ","LocationDescription":"304 Laurier Avenue ","Ward":"Ward 12","BuildOwner":"Janice","Phone":"613-845-2492","LocationURL":"http://maps.google.com/?q=304%Laurier%Avenue %Ottawa%Ontario","YTDWater":584,"YTDHydro":11882,"YTDOrders":2,"YTDProjects":2,"YTDCost":69925,"YTDUtilityCost":-4292},{"ID":"LEES","Street":"Lees Avenue ","LocationDescription":"457 Lees Avenue ","Ward":"Ward 13","BuildOwner":"Andrea","Phone":"613-574-8419","LocationURL":"http://maps.google.com/?q=457%Lees%Avenue %Ottawa%Ontario","YTDWater":705,"YTDHydro":4932,"YTDOrders":90,"YTDProjects":2,"YTDCost":20989,"YTDUtilityCost":84945},{"ID":"LEITR","Street":"Leitrim Road ","LocationDescription":"603 Leitrim Road ","Ward":"Ward 14","BuildOwner":"Teresa","Phone":"613-667-8398","LocationURL":"http://maps.google.com/?q=603%Leitrim%Road %Ottawa%Ontario","YTDWater":699,"YTDHydro":9916,"YTDOrders":51,"YTDProjects":1,"YTDCost":99612,"YTDUtilityCost":40740},{"ID":"LESTE","Street":"Lester Road ","LocationDescription":"48 Lester Road ","Ward":"Ward 15","BuildOwner":"Andrew","Phone":"613-192-4814","LocationURL":"http://maps.google.com/?q=48%Lester%Road %Ottawa%Ontario","YTDWater":549,"YTDHydro":7660,"YTDOrders":83,"YTDProjects":0,"YTDCost":47623,"YTDUtilityCost":69886},{"ID":"LIMEB","Street":"Limebank Road ","LocationDescription":"561 Limebank Road ","Ward":"Ward 16","BuildOwner":"Janet","Phone":"613-779-2687","LocationURL":"http://maps.google.com/?q=561%Limebank%Road %Ottawa%Ontario","YTDWater":631,"YTDHydro":9560,"YTDOrders":92,"YTDProjects":1,"YTDCost":96507,"YTDUtilityCost":87315},{"ID":"LYON","Street":"Lyon Street ","LocationDescription":"211 Lyon Street ","Ward":"Ward 17","BuildOwner":"Diana","Phone":"613-139-5091","LocationURL":"http://maps.google.com/?q=211%Lyon%Street %Ottawa%Ontario","YTDWater":549,"YTDHydro":4696,"YTDOrders":36,"YTDProjects":0,"YTDCost":54392,"YTDUtilityCost":22503},{"ID":"MACKE","Street":"MacKenzie Avenue ","LocationDescription":"300 MacKenzie Avenue ","Ward":"Ward 18","BuildOwner":"Clarence","Phone":"613-452-7713","LocationURL":"http://maps.google.com/?q=300%MacKenzie%Avenue %Ottawa%Ontario","YTDWater":510,"YTDHydro":7401,"YTDOrders":78,"YTDProjects":1,"YTDCost":40144,"YTDUtilityCost":67104},{"ID":"MADAW","Street":"Madawaska Boulevard ","LocationDescription":"308 Madawaska Boulevard ","Ward":"Ward 19","BuildOwner":"Joyce","Phone":"613-529-7908","LocationURL":"http://maps.google.com/?q=308%Madawaska%Boulevard %Ottawa%Ontario","YTDWater":731,"YTDHydro":9586,"YTDOrders":43,"YTDProjects":3,"YTDCost":126628,"YTDUtilityCost":41228},{"ID":"MAIN","Street":"Main Street ","LocationDescription":"487 Main Street ","Ward":"Ward 20","BuildOwner":"Anthony","Phone":"613-503-7233","LocationURL":"http://maps.google.com/?q=487%Main%Street %Ottawa%Ontario","YTDWater":576,"YTDHydro":8861,"YTDOrders":55,"YTDProjects":1,"YTDCost":31880,"YTDUtilityCost":47650},{"ID":"MAITL","Street":"Maitland Avenue ","LocationDescription":"111 Maitland Avenue ","Ward":"Ward 21","BuildOwner":"Katherine","Phone":"613-497-5463","LocationURL":"http://maps.google.com/?q=111%Maitland%Avenue %Ottawa%Ontario","YTDWater":751,"YTDHydro":6373,"YTDOrders":81,"YTDProjects":1,"YTDCost":40009,"YTDUtilityCost":74679},{"ID":"MANOT","Street":"Manotick Main Street ","LocationDescription":"68 Manotick Main Street ","Ward":"Ward 22","BuildOwner":"Raymond","Phone":"613-845-1336","LocationURL":"http://maps.google.com/?q=68%Manotick%Main%Street %Ottawa%Ontario","YTDWater":785,"YTDHydro":7770,"YTDOrders":39,"YTDProjects":3,"YTDCost":29950,"YTDUtilityCost":27157},{"ID":"MARCH","Street":"March Road ","LocationDescription":"769 March Road ","Ward":"Ward 23","BuildOwner":"Kevin","Phone":"613-682-2223","LocationURL":"http://maps.google.com/?q=769%March%Road %Ottawa%Ontario","YTDWater":701,"YTDHydro":4807,"YTDOrders":89,"YTDProjects":1,"YTDCost":74687,"YTDUtilityCost":85957},{"ID":"MARVE","Street":"Marvelville Road ","LocationDescription":"403 Marvelville Road ","Ward":"Ward 24","BuildOwner":"Justin","Phone":"613-763-7782","LocationURL":"http://maps.google.com/?q=403%Marvelville%Road %Ottawa%Ontario","YTDWater":532,"YTDHydro":6977,"YTDOrders":38,"YTDProjects":3,"YTDCost":75197,"YTDUtilityCost":33473},{"ID":"MCART","Street":"McArthur Avenue ","LocationDescription":"211 McArthur Avenue ","Ward":"Ward 1","BuildOwner":"Lisa","Phone":"613-904-7203","LocationURL":"http://maps.google.com/?q=211%McArthur%Avenue %Ottawa%Ontario","YTDWater":571,"YTDHydro":9424,"YTDOrders":101,"YTDProjects":8,"YTDCost":60024,"YTDUtilityCost":84235},{"ID":"MCBEA","Street":"McBean Street ","LocationDescription":"534 McBean Street ","Ward":"Ward 2","BuildOwner":"Sean","Phone":"613-889-5248","LocationURL":"http://maps.google.com/?q=534%McBean%Street %Ottawa%Ontario","YTDWater":558,"YTDHydro":8652,"YTDOrders":18,"YTDProjects":1,"YTDCost":76169,"YTDUtilityCost":8829},{"ID":"MEADO","Street":"Meadowlands Drive ","LocationDescription":"692 Meadowlands Drive ","Ward":"Ward 3","BuildOwner":"Michael","Phone":"613-892-1567","LocationURL":"http://maps.google.com/?q=692%Meadowlands%Drive %Ottawa%Ontario","YTDWater":619,"YTDHydro":9161,"YTDOrders":21,"YTDProjects":2,"YTDCost":18947,"YTDUtilityCost":19171},{"ID":"MERB","Street":"Mer Bleue Road ","LocationDescription":"761 Mer Bleue Road ","Ward":"Ward 4","BuildOwner":"Melissa","Phone":"613-756-3479","LocationURL":"http://maps.google.com/?q=761%Mer%Bleue%Road %Ottawa%Ontario","YTDWater":519,"YTDHydro":11910,"YTDOrders":3,"YTDProjects":4,"YTDCost":92038,"YTDUtilityCost":12565},{"ID":"MERIV","Street":"Merivale Road ","LocationDescription":"379 Merivale Road ","Ward":"Ward 5","BuildOwner":"Lori","Phone":"613-173-6600","LocationURL":"http://maps.google.com/?q=379%Merivale%Road %Ottawa%Ontario","YTDWater":666,"YTDHydro":9193,"YTDOrders":38,"YTDProjects":1,"YTDCost":6316,"YTDUtilityCost":26973},{"ID":"METCA","Street":"Metcalfe Street ","LocationDescription":"550 Metcalfe Street ","Ward":"Ward 6","BuildOwner":"Irene","Phone":"613-834-8979","LocationURL":"http://maps.google.com/?q=550%Metcalfe%Street %Ottawa%Ontario","YTDWater":501,"YTDHydro":7904,"YTDOrders":39,"YTDProjects":1,"YTDCost":77874,"YTDUtilityCost":35696},{"ID":"MILTO","Street":"Milton Road ","LocationDescription":"463 Milton Road ","Ward":"Ward 7","BuildOwner":"Todd","Phone":"613-386-3632","LocationURL":"http://maps.google.com/?q=463%Milton%Road %Ottawa%Ontario","YTDWater":509,"YTDHydro":10081,"YTDOrders":103,"YTDProjects":2,"YTDCost":49444,"YTDUtilityCost":84870},{"ID":"MITCH","Street":"Mitch Owens Road ","LocationDescription":"279 Mitch Owens Road ","Ward":"Ward 8","BuildOwner":"Harry","Phone":"613-650-8381","LocationURL":"http://maps.google.com/?q=279%Mitch%Owens%Road %Ottawa%Ontario","YTDWater":599,"YTDHydro":5575,"YTDOrders":51,"YTDProjects":1,"YTDCost":25943,"YTDUtilityCost":41011},{"ID":"MONTR","Street":"Montreal Road ","LocationDescription":"14 Montreal Road ","Ward":"Ward 9","BuildOwner":"Carolyn","Phone":"613-782-6221","LocationURL":"http://maps.google.com/?q=14%Montreal%Road %Ottawa%Ontario","YTDWater":654,"YTDHydro":8274,"YTDOrders":80,"YTDProjects":4,"YTDCost":66137,"YTDUtilityCost":66530},{"ID":"MOODI","Street":"Moodie Drive ","LocationDescription":"9 Moodie Drive ","Ward":"Ward 10","BuildOwner":"Mary","Phone":"613-563-4995","LocationURL":"http://maps.google.com/?q=9%Moodie%Drive %Ottawa%Ontario","YTDWater":518,"YTDHydro":9495,"YTDOrders":18,"YTDProjects":0,"YTDCost":23629,"YTDUtilityCost":4006},{"ID":"MUNST","Street":"Munster Road ","LocationDescription":"11 Munster Road ","Ward":"Ward 11","BuildOwner":"Christopher","Phone":"613-377-1888","LocationURL":"http://maps.google.com/?q=11%Munster%Road %Ottawa%Ontario","YTDWater":780,"YTDHydro":9107,"YTDOrders":41,"YTDProjects":2,"YTDCost":32233,"YTDUtilityCost":26967},{"ID":"MURRA","Street":"Murray Street ","LocationDescription":"586 Murray Street ","Ward":"Ward 12","BuildOwner":"Gary","Phone":"613-354-4088","LocationURL":"http://maps.google.com/?q=586%Murray%Street %Ottawa%Ontario","YTDWater":735,"YTDHydro":6985,"YTDOrders":35,"YTDProjects":1,"YTDCost":76223,"YTDUtilityCost":23339},{"ID":"NAVAN","Street":"Navan Road ","LocationDescription":"722 Navan Road ","Ward":"Ward 13","BuildOwner":"Martin","Phone":"613-996-6213","LocationURL":"http://maps.google.com/?q=722%Navan%Road %Ottawa%Ontario","YTDWater":552,"YTDHydro":9948,"YTDOrders":36,"YTDProjects":1,"YTDCost":13438,"YTDUtilityCost":24160},{"ID":"NCCS","Street":"NCC Scenic Driveway ","LocationDescription":"749 NCC Scenic Driveway ","Ward":"Ward 14","BuildOwner":"Phyllis","Phone":"613-358-5713","LocationURL":"http://maps.google.com/?q=749%NCC%Scenic%Driveway %Ottawa%Ontario","YTDWater":710,"YTDHydro":9591,"YTDOrders":90,"YTDProjects":1,"YTDCost":29757,"YTDUtilityCost":78635},{"ID":"NICHO","Street":"Nicholas Street ","LocationDescription":"560 Nicholas Street ","Ward":"Ward 15","BuildOwner":"Lois","Phone":"613-265-5905","LocationURL":"http://maps.google.com/?q=560%Nicholas%Street %Ottawa%Ontario","YTDWater":672,"YTDHydro":9385,"YTDOrders":84,"YTDProjects":1,"YTDCost":31220,"YTDUtilityCost":75108},{"ID":"NORTH","Street":"North Gower Road ","LocationDescription":"104 North Gower Road ","Ward":"Ward 16","BuildOwner":"Johnny","Phone":"613-580-1145","LocationURL":"http://maps.google.com/?q=104%North%Gower%Road %Ottawa%Ontario","YTDWater":546,"YTDHydro":10679,"YTDOrders":50,"YTDProjects":3,"YTDCost":33980,"YTDUtilityCost":47803},{"ID":"OCON","Street":"O'Connor Street ","LocationDescription":"560 O'Connor Street ","Ward":"Ward 17","BuildOwner":"Jesse","Phone":"613-103-9976","LocationURL":"http://maps.google.com/?q=560%O'Connor%Street %Ottawa%Ontario","YTDWater":749,"YTDHydro":9946,"YTDOrders":7,"YTDProjects":1,"YTDCost":70785,"YTDUtilityCost":-4022},{"ID":"OGILV","Street":"Ogilvie Road ","LocationDescription":"465 Ogilvie Road ","Ward":"Ward 18","BuildOwner":"Roger","Phone":"613-775-4609","LocationURL":"http://maps.google.com/?q=465%Ogilvie%Road %Ottawa%Ontario","YTDWater":645,"YTDHydro":6614,"YTDOrders":61,"YTDProjects":0,"YTDCost":66438,"YTDUtilityCost":46929},{"ID":"OLDM","Street":"Old Montreal Road ","LocationDescription":"232 Old Montreal Road ","Ward":"Ward 19","BuildOwner":"Irene","Phone":"613-752-3441","LocationURL":"http://maps.google.com/?q=232%Old%Montreal%Road %Ottawa%Ontario","YTDWater":780,"YTDHydro":8250,"YTDOrders":47,"YTDProjects":3,"YTDCost":48337,"YTDUtilityCost":41026},{"ID":"OLDP","Street":"Old Prescott Road ","LocationDescription":"582 Old Prescott Road ","Ward":"Ward 20","BuildOwner":"Todd","Phone":"613-624-8481","LocationURL":"http://maps.google.com/?q=582%Old%Prescott%Road %Ottawa%Ontario","YTDWater":681,"YTDHydro":5640,"YTDOrders":80,"YTDProjects":3,"YTDCost":66330,"YTDUtilityCost":77725},{"ID":"ORLÉA","Street":"Orléans Boulevard ","LocationDescription":"104 Orléans Boulevard ","Ward":"Ward 21","BuildOwner":"Harry","Phone":"613-569-5894","LocationURL":"http://maps.google.com/?q=104%Orléans%Boulevard %Ottawa%Ontario","YTDWater":700,"YTDHydro":9012,"YTDOrders":33,"YTDProjects":1,"YTDCost":7786,"YTDUtilityCost":20411},{"ID":"OSGOO","Street":"Osgoode Main Street ","LocationDescription":"450 Osgoode Main Street ","Ward":"Ward 22","BuildOwner":"Carolyn","Phone":"613-352-8424","LocationURL":"http://maps.google.com/?q=450%Osgoode%Main%Street %Ottawa%Ontario","YTDWater":539,"YTDHydro":8972,"YTDOrders":39,"YTDProjects":1,"YTDCost":54472,"YTDUtilityCost":30037},{"ID":"OTTAW","Street":"Ottawa Street (Richmond) ","LocationDescription":"26 Ottawa Street (Richmond) ","Ward":"Ward 23","BuildOwner":"Mary","Phone":"613-378-2082","LocationURL":"http://maps.google.com/?q=26%Ottawa%Street%(Richmond) %Ottawa%Ontario","YTDWater":711,"YTDHydro":8964,"YTDOrders":57,"YTDProjects":2,"YTDCost":34131,"YTDUtilityCost":54419},{"ID":"PALLA","Street":"Palladium Drive ","LocationDescription":"100 Palladium Drive ","Ward":"Ward 24","BuildOwner":"Christopher","Phone":"613-479-6447","LocationURL":"http://maps.google.com/?q=100%Palladium%Drive %Ottawa%Ontario","YTDWater":683,"YTDHydro":10946,"YTDOrders":65,"YTDProjects":2,"YTDCost":29587,"YTDUtilityCost":60252},{"ID":"PANMU","Street":"Panmure Road ","LocationDescription":"219 Panmure Road ","Ward":"Ward 1","BuildOwner":"Gary","Phone":"613-446-6682","LocationURL":"http://maps.google.com/?q=219%Panmure%Road %Ottawa%Ontario","YTDWater":695,"YTDHydro":6262,"YTDOrders":62,"YTDProjects":3,"YTDCost":59872,"YTDUtilityCost":57430},{"ID":"PARKD","Street":"Parkdale Avenue ","LocationDescription":"530 Parkdale Avenue ","Ward":"Ward 2","BuildOwner":"Martin","Phone":"613-320-3604","LocationURL":"http://maps.google.com/?q=530%Parkdale%Avenue %Ottawa%Ontario","YTDWater":563,"YTDHydro":10185,"YTDOrders":35,"YTDProjects":2,"YTDCost":64926,"YTDUtilityCost":25285},{"ID":"PERTH","Street":"Perth Street ","LocationDescription":"130 Perth Street ","Ward":"Ward 3","BuildOwner":"Phyllis","Phone":"613-390-8885","LocationURL":"http://maps.google.com/?q=130%Perth%Street %Ottawa%Ontario","YTDWater":519,"YTDHydro":10633,"YTDOrders":75,"YTDProjects":3,"YTDCost":56605,"YTDUtilityCost":66002},{"ID":"PINEC","Street":"Pinecrest Road ","LocationDescription":"117 Pinecrest Road ","Ward":"Ward 4","BuildOwner":"Lois","Phone":"613-950-3483","LocationURL":"http://maps.google.com/?q=117%Pinecrest%Road %Ottawa%Ontario","YTDWater":511,"YTDHydro":9097,"YTDOrders":21,"YTDProjects":3,"YTDCost":44593,"YTDUtilityCost":18775},{"ID":"PREST","Street":"Preston Street ","LocationDescription":"666 Preston Street ","Ward":"Ward 5","BuildOwner":"Johnny","Phone":"613-732-7682","LocationURL":"http://maps.google.com/?q=666%Preston%Street %Ottawa%Ontario","YTDWater":797,"YTDHydro":9977,"YTDOrders":87,"YTDProjects":0,"YTDCost":56879,"YTDUtilityCost":79767},{"ID":"PRINC","Street":"Prince of Wales Drive ","LocationDescription":"97 Prince of Wales Drive ","Ward":"Ward 6","BuildOwner":"Jesse","Phone":"613-937-7446","LocationURL":"http://maps.google.com/?q=97%Prince%of%Wales%Drive %Ottawa%Ontario","YTDWater":734,"YTDHydro":8803,"YTDOrders":97,"YTDProjects":10,"YTDCost":5999,"YTDUtilityCost":85071},{"ID":"QUEEN","Street":"Queen Elizabeth Driveway ","LocationDescription":"46 Queen Elizabeth Driveway ","Ward":"Ward 7","BuildOwner":"Roger","Phone":"613-226-3940","LocationURL":"http://maps.google.com/?q=46%Queen%Elizabeth%Driveway %Ottawa%Ontario","YTDWater":725,"YTDHydro":11372,"YTDOrders":58,"YTDProjects":3,"YTDCost":43124,"YTDUtilityCost":50206},{"ID":"RAMSA","Street":"Ramsayville Road ","LocationDescription":"263 Ramsayville Road ","Ward":"Ward 9","BuildOwner":"Peter","Phone":"613-593-4264","LocationURL":"http://maps.google.com/?q=263%Ramsayville%Road %Ottawa%Ontario","YTDWater":711,"YTDHydro":8627,"YTDOrders":1,"YTDProjects":2,"YTDCost":6582,"YTDUtilityCost":-8631},{"ID":"REGIO","Street":"Regional Road 174 ","LocationDescription":"758 Regional Road 174 ","Ward":"Ward 10","BuildOwner":"Victor","Phone":"613-218-3643","LocationURL":"http://maps.google.com/?q=758%Regional%Road%174 %Ottawa%Ontario","YTDWater":778,"YTDHydro":5803,"YTDOrders":32,"YTDProjects":2,"YTDCost":38325,"YTDUtilityCost":29918},{"ID":"RICHM","Street":"Richmond Road ","LocationDescription":"287 Richmond Road ","Ward":"Ward 12","BuildOwner":"Wayne","Phone":"613-650-9570","LocationURL":"http://maps.google.com/?q=287%Richmond%Road %Ottawa%Ontario","YTDWater":696,"YTDHydro":8638,"YTDOrders":32,"YTDProjects":1,"YTDCost":5577,"YTDUtilityCost":24941},{"ID":"RIDEA","Street":"Rideau Street ","LocationDescription":"551 Rideau Street ","Ward":"Ward 13","BuildOwner":"Albert","Phone":"613-813-3880","LocationURL":"http://maps.google.com/?q=551%Rideau%Street %Ottawa%Ontario","YTDWater":531,"YTDHydro":11818,"YTDOrders":3,"YTDProjects":2,"YTDCost":42771,"YTDUtilityCost":2285},{"ID":"RIVER","Street":"River Road ","LocationDescription":"36 River Road ","Ward":"Ward 15","BuildOwner":"Dennis","Phone":"613-403-4219","LocationURL":"http://maps.google.com/?q=36%River%Road %Ottawa%Ontario","YTDWater":735,"YTDHydro":7004,"YTDOrders":62,"YTDProjects":0,"YTDCost":16652,"YTDUtilityCost":54207},{"ID":"ROBER","Street":"Robertson Road ","LocationDescription":"442 Robertson Road ","Ward":"Ward 17","BuildOwner":"Bruce","Phone":"613-704-6118","LocationURL":"http://maps.google.com/?q=442%Robertson%Road %Ottawa%Ontario","YTDWater":568,"YTDHydro":11098,"YTDOrders":98,"YTDProjects":7,"YTDCost":74915,"YTDUtilityCost":93361},{"ID":"ROCKD","Street":"Rockdale Road ","LocationDescription":"77 Rockdale Road ","Ward":"Ward 18","BuildOwner":"Chris","Phone":"613-802-1700","LocationURL":"http://maps.google.com/?q=77%Rockdale%Road %Ottawa%Ontario","YTDWater":674,"YTDHydro":4903,"YTDOrders":69,"YTDProjects":4,"YTDCost":17052,"YTDUtilityCost":61739},{"ID":"ROGER","Street":"Roger Stevens Drive ","LocationDescription":"594 Roger Stevens Drive ","Ward":"Ward 19","BuildOwner":"Joshua","Phone":"613-325-3139","LocationURL":"http://maps.google.com/?q=594%Roger%Stevens%Drive %Ottawa%Ontario","YTDWater":649,"YTDHydro":8741,"YTDOrders":43,"YTDProjects":1,"YTDCost":53972,"YTDUtilityCost":38183},{"ID":"RUSSE","Street":"Russell Road ","LocationDescription":"51 Russell Road ","Ward":"Ward 20","BuildOwner":"Carlos","Phone":"613-923-8105","LocationURL":"http://maps.google.com/?q=51%Russell%Road %Ottawa%Ontario","YTDWater":670,"YTDHydro":10004,"YTDOrders":31,"YTDProjects":1,"YTDCost":69129,"YTDUtilityCost":29059},{"ID":"RUSSL","Street":"Russland Road ","LocationDescription":"66 Russland Road ","Ward":"Ward 21","BuildOwner":"Ruth","Phone":"613-288-6730","LocationURL":"http://maps.google.com/?q=66%Russland%Road %Ottawa%Ontario","YTDWater":741,"YTDHydro":6057,"YTDOrders":29,"YTDProjects":2,"YTDCost":43696,"YTDUtilityCost":16556},{"ID":"SAUMU","Street":"Saumure Road ","LocationDescription":"197 Saumure Road ","Ward":"Ward 22","BuildOwner":"Peter","Phone":"613-838-8870","LocationURL":"http://maps.google.com/?q=197%Saumure%Road %Ottawa%Ontario","YTDWater":709,"YTDHydro":11399,"YTDOrders":17,"YTDProjects":3,"YTDCost":11205,"YTDUtilityCost":13174},{"ID":"SCOTT","Street":"Scott Street ","LocationDescription":"350 Scott Street ","Ward":"Ward 23","BuildOwner":"Victor","Phone":"613-728-5659","LocationURL":"http://maps.google.com/?q=350%Scott%Street %Ottawa%Ontario","YTDWater":563,"YTDHydro":11323,"YTDOrders":50,"YTDProjects":1,"YTDCost":63381,"YTDUtilityCost":48262},{"ID":"SIRG","Street":"Sir George-Étienne Cartier Parkway ","LocationDescription":"470 Sir George-Étienne Cartier Parkway ","Ward":"Ward 24","BuildOwner":"Sandra","Phone":"613-779-6292","LocationURL":"http://maps.google.com/?q=470%Sir%George-Étienne%Cartier%Parkway %Ottawa%Ontario","YTDWater":593,"YTDHydro":10232,"YTDOrders":58,"YTDProjects":4,"YTDCost":77966,"YTDUtilityCost":48799},{"ID":"SIRJ","Street":"Sir John A. Macdonald Parkway ","LocationDescription":"166 Sir John A. Macdonald Parkway ","Ward":"Ward 1","BuildOwner":"Wayne","Phone":"613-800-6648","LocationURL":"http://maps.google.com/?q=166%Sir%John%A.%Macdonald%Parkway %Ottawa%Ontario","YTDWater":683,"YTDHydro":11868,"YTDOrders":73,"YTDProjects":0,"YTDCost":21854,"YTDUtilityCost":64750},{"ID":"SLATE","Street":"Slater Street ","LocationDescription":"476 Slater Street ","Ward":"Ward 2","BuildOwner":"Albert","Phone":"613-873-8462","LocationURL":"http://maps.google.com/?q=476%Slater%Street %Ottawa%Ontario","YTDWater":730,"YTDHydro":9958,"YTDOrders":39,"YTDProjects":3,"YTDCost":40465,"YTDUtilityCost":26593},{"ID":"SMITH","Street":"Smith Drive ","LocationDescription":"133 Smith Drive ","Ward":"Ward 3","BuildOwner":"Brian","Phone":"613-472-9911","LocationURL":"http://maps.google.com/?q=133%Smith%Drive %Ottawa%Ontario","YTDWater":774,"YTDHydro":11168,"YTDOrders":73,"YTDProjects":1,"YTDCost":12988,"YTDUtilityCost":70621},{"ID":"SMYTH","Street":"Smyth Road ","LocationDescription":"786 Smyth Road ","Ward":"Ward 4","BuildOwner":"Dennis","Phone":"613-999-8535","LocationURL":"http://maps.google.com/?q=786%Smyth%Road %Ottawa%Ontario","YTDWater":662,"YTDHydro":9673,"YTDOrders":17,"YTDProjects":0,"YTDCost":33946,"YTDUtilityCost":10263},{"ID":"SNAKE","Street":"Snake Island Road ","LocationDescription":"749 Snake Island Road ","Ward":"Ward 5","BuildOwner":"Rebecca","Phone":"613-298-2456","LocationURL":"http://maps.google.com/?q=749%Snake%Island%Road %Ottawa%Ontario","YTDWater":764,"YTDHydro":9079,"YTDOrders":89,"YTDProjects":2,"YTDCost":88511,"YTDUtilityCost":75682},{"ID":"SOMER","Street":"Somerset Street ","LocationDescription":"292 Somerset Street ","Ward":"Ward 6","BuildOwner":"Bruce","Phone":"613-200-3157","LocationURL":"http://maps.google.com/?q=292%Somerset%Street %Ottawa%Ontario","YTDWater":609,"YTDHydro":9863,"YTDOrders":85,"YTDProjects":3,"YTDCost":96162,"YTDUtilityCost":83192},{"ID":"SPARK","Street":"Sparks Street ","LocationDescription":"11 Sparks Street ","Ward":"Ward 7","BuildOwner":"Chris","Phone":"613-546-9531","LocationURL":"http://maps.google.com/?q=11%Sparks%Street %Ottawa%Ontario","YTDWater":646,"YTDHydro":7081,"YTDOrders":71,"YTDProjects":2,"YTDCost":10534,"YTDUtilityCost":69617},{"ID":"STJ","Street":"St. Joseph Boulevard ","LocationDescription":"359 St. Joseph Boulevard ","Ward":"Ward 8","BuildOwner":"Joshua","Phone":"613-417-4062","LocationURL":"http://maps.google.com/?q=359%St.%Joseph%Boulevard %Ottawa%Ontario","YTDWater":505,"YTDHydro":11856,"YTDOrders":88,"YTDProjects":2,"YTDCost":1536,"YTDUtilityCost":75865},{"ID":"STL","Street":"St. Laurent Boulevard ","LocationDescription":"18 St. Laurent Boulevard ","Ward":"Ward 9","BuildOwner":"Carlos","Phone":"613-509-8506","LocationURL":"http://maps.google.com/?q=18%St.%Laurent%Boulevard %Ottawa%Ontario","YTDWater":590,"YTDHydro":5851,"YTDOrders":94,"YTDProjects":2,"YTDCost":106253,"YTDUtilityCost":87840},{"ID":"STP","Street":"St. Patrick Street ","LocationDescription":"78 St. Patrick Street ","Ward":"Ward 10","BuildOwner":"Ruth","Phone":"613-959-7828","LocationURL":"http://maps.google.com/?q=78%St.%Patrick%Street %Ottawa%Ontario","YTDWater":593,"YTDHydro":8425,"YTDOrders":81,"YTDProjects":3,"YTDCost":74793,"YTDUtilityCost":71370},{"ID":"STAGE","Street":"Stagecoach Road ","LocationDescription":"342 Stagecoach Road ","Ward":"Ward 11","BuildOwner":"Peter","Phone":"613-731-4155","LocationURL":"http://maps.google.com/?q=342%Stagecoach%Road %Ottawa%Ontario","YTDWater":740,"YTDHydro":8208,"YTDOrders":88,"YTDProjects":2,"YTDCost":531,"YTDUtilityCost":82513},{"ID":"STRAN","Street":"Strandherd Drive ","LocationDescription":"603 Strandherd Drive ","Ward":"Ward 12","BuildOwner":"Victor","Phone":"613-623-5705","LocationURL":"http://maps.google.com/?q=603%Strandherd%Drive %Ottawa%Ontario","YTDWater":795,"YTDHydro":8489,"YTDOrders":38,"YTDProjects":1,"YTDCost":89337,"YTDUtilityCost":29387},{"ID":"SUSSE","Street":"Sussex Drive ","LocationDescription":"581 Sussex Drive ","Ward":"Ward 13","BuildOwner":"Sandra","Phone":"613-357-6100","LocationURL":"http://maps.google.com/?q=581%Sussex%Drive %Ottawa%Ontario","YTDWater":764,"YTDHydro":8583,"YTDOrders":16,"YTDProjects":0,"YTDCost":22342,"YTDUtilityCost":8610},{"ID":"TENTH","Street":"Tenth Line Road ","LocationDescription":"451 Tenth Line Road ","Ward":"Ward 14","BuildOwner":"Wayne","Phone":"613-825-9726","LocationURL":"http://maps.google.com/?q=451%Tenth%Line%Road %Ottawa%Ontario","YTDWater":598,"YTDHydro":7722,"YTDOrders":27,"YTDProjects":1,"YTDCost":89666,"YTDUtilityCost":22900},{"ID":"TERRY","Street":"Terry Fox Drive ","LocationDescription":"625 Terry Fox Drive ","Ward":"Ward 15","BuildOwner":"Albert","Phone":"613-812-5823","LocationURL":"http://maps.google.com/?q=625%Terry%Fox%Drive %Ottawa%Ontario","YTDWater":589,"YTDHydro":4997,"YTDOrders":95,"YTDProjects":3,"YTDCost":107440,"YTDUtilityCost":92855},{"ID":"THOMA","Street":"Thomas A. Dolan Parkway ","LocationDescription":"129 Thomas A. Dolan Parkway ","Ward":"Ward 16","BuildOwner":"Brian","Phone":"613-983-9262","LocationURL":"http://maps.google.com/?q=129%Thomas%A.%Dolan%Parkway %Ottawa%Ontario","YTDWater":592,"YTDHydro":7061,"YTDOrders":88,"YTDProjects":1,"YTDCost":73907,"YTDUtilityCost":86935},{"ID":"TIMM","Street":"Timm Drive ","LocationDescription":"61 Timm Drive ","Ward":"Ward 18","BuildOwner":"Peter","Phone":"613-993-4403","LocationURL":"http://maps.google.com/?q=61%Timm%Drive %Ottawa%Ontario","YTDWater":616,"YTDHydro":8848,"YTDOrders":47,"YTDProjects":1,"YTDCost":49546,"YTDUtilityCost":34866},{"ID":"TRAIL","Street":"Trail Road ","LocationDescription":"225 Trail Road ","Ward":"Ward 19","BuildOwner":"Victor","Phone":"613-508-8784","LocationURL":"http://maps.google.com/?q=225%Trail%Road %Ottawa%Ontario","YTDWater":676,"YTDHydro":10974,"YTDOrders":14,"YTDProjects":3,"YTDCost":77611,"YTDUtilityCost":4693},{"ID":"TREMB","Street":"Tremblay Road ","LocationDescription":"389 Tremblay Road ","Ward":"Ward 20","BuildOwner":"Sandra","Phone":"613-570-5490","LocationURL":"http://maps.google.com/?q=389%Tremblay%Road %Ottawa%Ontario","YTDWater":560,"YTDHydro":9485,"YTDOrders":39,"YTDProjects":1,"YTDCost":9514,"YTDUtilityCost":32607},{"ID":"TRIM","Street":"Trim Road ","LocationDescription":"717 Trim Road ","Ward":"Ward 21","BuildOwner":"Wayne","Phone":"613-848-6127","LocationURL":"http://maps.google.com/?q=717%Trim%Road %Ottawa%Ontario","YTDWater":644,"YTDHydro":7104,"YTDOrders":78,"YTDProjects":0,"YTDCost":92190,"YTDUtilityCost":73494},{"ID":"VANIE","Street":"Vanier Parkway ","LocationDescription":"385 Vanier Parkway ","Ward":"Ward 22","BuildOwner":"Albert","Phone":"613-310-3202","LocationURL":"http://maps.google.com/?q=385%Vanier%Parkway %Ottawa%Ontario","YTDWater":686,"YTDHydro":5213,"YTDOrders":12,"YTDProjects":3,"YTDCost":56949,"YTDUtilityCost":9165},{"ID":"VETER","Street":"Veterans Memorial Highway (416) ","LocationDescription":"723 Veterans Memorial Highway (416) ","Ward":"Ward 23","BuildOwner":"Brian","Phone":"613-327-1055","LocationURL":"http://maps.google.com/?q=723%Veterans%Memorial%Highway%(416) %Ottawa%Ontario","YTDWater":755,"YTDHydro":5974,"YTDOrders":51,"YTDProjects":1,"YTDCost":8564,"YTDUtilityCost":49939},{"ID":"VICTO","Street":"Victoria Road ","LocationDescription":"548 Victoria Road ","Ward":"Ward 24","BuildOwner":"Dennis","Phone":"613-996-8571","LocationURL":"http://maps.google.com/?q=548%Victoria%Road %Ottawa%Ontario","YTDWater":667,"YTDHydro":10993,"YTDOrders":19,"YTDProjects":1,"YTDCost":28852,"YTDUtilityCost":17123},{"ID":"WALKE","Street":"Walker Street ","LocationDescription":"410 Walker Street ","Ward":"Ward 18","BuildOwner":"Rebecca","Phone":"613-439-8793","LocationURL":"http://maps.google.com/?q=410%Walker%Street %Ottawa%Ontario","YTDWater":666,"YTDHydro":6253,"YTDOrders":63,"YTDProjects":1,"YTDCost":7494,"YTDUtilityCost":51713},{"ID":"WALKL","Street":"Walkley Road ","LocationDescription":"421 Walkley Road ","Ward":"Ward 19","BuildOwner":"Bruce","Phone":"613-708-6265","LocationURL":"http://maps.google.com/?q=421%Walkley%Road %Ottawa%Ontario","YTDWater":568,"YTDHydro":6668,"YTDOrders":90,"YTDProjects":2,"YTDCost":10080,"YTDUtilityCost":87770},{"ID":"WELLI","Street":"Wellington Street ","LocationDescription":"525 Wellington Street ","Ward":"Ward 20","BuildOwner":"Chris","Phone":"613-322-9475","LocationURL":"http://maps.google.com/?q=525%Wellington%Street %Ottawa%Ontario","YTDWater":728,"YTDHydro":8955,"YTDOrders":33,"YTDProjects":2,"YTDCost":8884,"YTDUtilityCost":24666},{"ID":"WOODR","Street":"Woodroffe Avenue ","LocationDescription":"150 Woodroffe Avenue ","Ward":"Ward 21","BuildOwner":"Joshua","Phone":"613-812-1635","LocationURL":"http://maps.google.com/?q=150%Woodroffe%Avenue %Ottawa%Ontario","YTDWater":522,"YTDHydro":11907,"YTDOrders":37,"YTDProjects":1,"YTDCost":23135,"YTDUtilityCost":26502}],"OperationSet":[{"ID":"OP0001"},{"ID":"OP0002"},{"ID":"OP0003"},{"ID":"OP0004"},{"ID":"OP0005"},{"ID":"OP0006"},{"ID":"OP0007"},{"ID":"OP0008"},{"ID":"OP0009"},{"ID":"OP0010"},{"ID":"OP0011"},{"ID":"OP0012"},{"ID":"OP0013"},{"ID":"OP0014"},{"ID":"OP0015"},{"ID":"OP0016"},{"ID":"OP0017"},{"ID":"OP0018"},{"ID":"OP0019"},{"ID":"OP0020"},{"ID":"OP0021"},{"ID":"OP0022"},{"ID":"OP0023"},{"ID":"OP0024"},{"ID":"OP0025"},{"ID":"OP0026"},{"ID":"OP0027"},{"ID":"OP0028"},{"ID":"OP0029"},{"ID":"OP0030"},{"ID":"OP0031"},{"ID":"OP0032"},{"ID":"OP0033"},{"ID":"OP0034"},{"ID":"OP0035"},{"ID":"OP0036"},{"ID":"OP0037"},{"ID":"OP0038"},{"ID":"OP0039"},{"ID":"OP0040"},{"ID":"OP0041"},{"ID":"OP0042"},{"ID":"OP0043"},{"ID":"OP0044"},{"ID":"OP0045"},{"ID":"OP0046"},{"ID":"OP0047"},{"ID":"OP0048"},{"ID":"OP0049"},{"ID":"OP0050"},{"ID":"OP0051"},{"ID":"OP0052"},{"ID":"OP0053"},{"ID":"OP0054"},{"ID":"OP0055"},{"ID":"OP0056"},{"ID":"OP0057"},{"ID":"OP0058"},{"ID":"OP0059"},{"ID":"OP0060"},{"ID":"OP0061"},{"ID":"OP0062"},{"ID":"OP0063"},{"ID":"OP0064"},{"ID":"OP0065"},{"ID":"OP0066"},{"ID":"OP0067"},{"ID":"OP0068"},{"ID":"OP0069"},{"ID":"OP0070"},{"ID":"OP0071"},{"ID":"OP0072"},{"ID":"OP0073"},{"ID":"OP0074"},{"ID":"OP0075"},{"ID":"OP0076"},{"ID":"OP0077"},{"ID":"OP0078"},{"ID":"OP0079"},{"ID":"OP0080"},{"ID":"OP0081"},{"ID":"OP0082"},{"ID":"OP0083"},{"ID":"OP0084"},{"ID":"OP0085"},{"ID":"OP0086"},{"ID":"OP0087"},{"ID":"OP0088"},{"ID":"OP0089"},{"ID":"OP0090"},{"ID":"OP0091"},{"ID":"OP0092"},{"ID":"OP0093"},{"ID":"OP0094"},{"ID":"OP0095"},{"ID":"OP0096"},{"ID":"OP0097"},{"ID":"OP0098"},{"ID":"OP0099"},{"ID":"OP0100"},{"ID":"OP0101"},{"ID":"OP0102"},{"ID":"OP0103"},{"ID":"OP0104"},{"ID":"OP0105"},{"ID":"OP0106"},{"ID":"OP0107"},{"ID":"OP0108"},{"ID":"OP0109"},{"ID":"OP0110"},{"ID":"OP0111"},{"ID":"OP0112"},{"ID":"OP0113"},{"ID":"OP0114"},{"ID":"OP0115"},{"ID":"OP0116"},{"ID":"OP0117"},{"ID":"OP0118"},{"ID":"OP0119"},{"ID":"OP0120"},{"ID":"OP0121"},{"ID":"OP0122"},{"ID":"OP0123"},{"ID":"OP0124"},{"ID":"OP0125"},{"ID":"OP0126"},{"ID":"OP0127"},{"ID":"OP0128"},{"ID":"OP0129"},{"ID":"OP0130"},{"ID":"OP0131"},{"ID":"OP0132"},{"ID":"OP0133"},{"ID":"OP0134"},{"ID":"OP0135"},{"ID":"OP0136"},{"ID":"OP0137"},{"ID":"OP0138"},{"ID":"OP0139"},{"ID":"OP0140"},{"ID":"OP0141"},{"ID":"OP0142"},{"ID":"OP0143"},{"ID":"OP0144"},{"ID":"OP0145"},{"ID":"OP0146"},{"ID":"OP0147"},{"ID":"OP0148"},{"ID":"OP0149"},{"ID":"OP0150"},{"ID":"OP0151"},{"ID":"OP0152"},{"ID":"OP0153"},{"ID":"OP0154"},{"ID":"OP0155"},{"ID":"OP0156"},{"ID":"OP0157"},{"ID":"OP0158"},{"ID":"OP0159"},{"ID":"OP0160"},{"ID":"OP0161"},{"ID":"OP0162"},{"ID":"OP0163"},{"ID":"OP0164"},{"ID":"OP0165"},{"ID":"OP0166"},{"ID":"OP0167"},{"ID":"OP0168"},{"ID":"OP0169"},{"ID":"OP0170"},{"ID":"OP0171"},{"ID":"OP0172"},{"ID":"OP0173"},{"ID":"OP0174"},{"ID":"OP0175"},{"ID":"OP0176"},{"ID":"OP0177"},{"ID":"OP0178"},{"ID":"OP0179"},{"ID":"OP0180"},{"ID":"OP0181"},{"ID":"OP0182"},{"ID":"OP0183"},{"ID":"OP0184"},{"ID":"OP0185"},{"ID":"OP0186"},{"ID":"OP0187"},{"ID":"OP0188"},{"ID":"OP0189"},{"ID":"OP0190"},{"ID":"OP0191"},{"ID":"OP0192"},{"ID":"OP0193"},{"ID":"OP0194"},{"ID":"OP0195"},{"ID":"OP0196"},{"ID":"OP0197"},{"ID":"OP0198"},{"ID":"OP0199"},{"ID":"OP0200"},{"ID":"OP0201"},{"ID":"OP0202"},{"ID":"OP0203"},{"ID":"OP0204"},{"ID":"OP0205"},{"ID":"OP0206"},{"ID":"OP0207"},{"ID":"OP0208"},{"ID":"OP0209"},{"ID":"OP0210"},{"ID":"OP0211"},{"ID":"OP0212"},{"ID":"OP0213"},{"ID":"OP0214"},{"ID":"OP0215"},{"ID":"OP0216"},{"ID":"OP0217"},{"ID":"OP0218"},{"ID":"OP0219"},{"ID":"OP0220"},{"ID":"OP0221"},{"ID":"OP0222"},{"ID":"OP0223"},{"ID":"OP0224"},{"ID":"OP0225"},{"ID":"OP0226"},{"ID":"OP0227"},{"ID":"OP0228"},{"ID":"OP0229"},{"ID":"OP0230"},{"ID":"OP0231"},{"ID":"OP0232"},{"ID":"OP0233"},{"ID":"OP0234"},{"ID":"OP0235"},{"ID":"OP0236"},{"ID":"OP0237"},{"ID":"OP0238"},{"ID":"OP0239"},{"ID":"OP0240"}],"TechSet":[{"ID":"MECH","TECH":"MECH","TechDescription":"Mechical","TechPhone":"613-486-7717","TechSuper":"Tim","Rate":50,"Currency":"CAD","___FK_e9d0f36d0addcc010ead0abd":null},{"ID":"ELEC","TECH":"ELEC","TechDescription":"Electrical","TechPhone":"613-555-3637","TechSuper":"Ashley","Rate":50,"Currency":"CAD","___FK_e9d0f36d0addcc010ead0abd":null},{"ID":"PLMB","TECH":"PLMB","TechDescription":"Plumbing","TechPhone":"613-163-6176","TechSuper":"Luke","Rate":50,"Currency":"CAD","___FK_e9d0f36d0addcc010ead0abd":null},{"ID":"SHOP","TECH":"SHOP","TechDescription":"Workshop","TechPhone":"613-198-1661","TechSuper":"Kathy","Rate":50,"Currency":"CAD","___FK_e9d0f36d0addcc010ead0abd":null},{"ID":"CREW","TECH":"CREW","TechDescription":"Field crew","TechPhone":"613-143-4779","TechSuper":"Donna","Rate":50,"Currency":"CAD","___FK_e9d0f36d0addcc010ead0abd":null},{"ID":"WELD","TECH":"WELD","TechDescription":"Welder","TechPhone":"613-130-5847","TechSuper":"Johan","Rate":50,"Currency":"CAD","___FK_e9d0f36d0addcc010ead0abd":null},{"ID":"HVAC","TECH":"HVAC","TechDescription":"Heating and ventilation","TechPhone":"613-474-7748","TechSuper":"Nihal","Rate":50,"Currency":"CAD","___FK_e9d0f36d0addcc010ead0abd":null},{"ID":"STRC","TECH":"STRC","TechDescription":"Roof and structure","TechPhone":"613-386-6769","TechSuper":"Wayne","Rate":60,"Currency":"CAD","___FK_e9d0f36d0addcc010ead0abd":null},{"ID":"APPL","TECH":"APPL","TechDescription":"Appliance repair","TechPhone":"613-116-8516","TechSuper":"Martin","Rate":60,"Currency":"CAD","___FK_e9d0f36d0addcc010ead0abd":null},{"ID":"LAND","TECH":"LAND","TechDescription":"Landscaping","TechPhone":"613-571-1598","TechSuper":"Jeff","Rate":50,"Currency":"CAD","___FK_e9d0f36d0addcc010ead0abd":null},{"ID":"FLOR","TECH":"FLOR","TechDescription":"Flooring","TechPhone":"613-686-3313","TechSuper":"Wolfgang","Rate":50,"Currency":"CAD","___FK_e9d0f36d0addcc010ead0abd":null}],"PartsSet":[{"ID":"MAT001","MatDescription":"Water pump","MatCost":120,"Inventory":63},{"ID":"MAT002","MatDescription":"Dry wall","MatCost":5,"Inventory":12},{"ID":"MAT003","MatDescription":"Air condition","MatCost":2000,"Inventory":21},{"ID":"MAT004","MatDescription":"Boiler","MatCost":3000,"Inventory":1},{"ID":"MAT005","MatDescription":"Heating furance","MatCost":3000,"Inventory":21},{"ID":"MAT006","MatDescription":"Circuit Breaker 15 amps","MatCost":50,"Inventory":50},{"ID":"MAT007","MatDescription":"Circuit Breaker 30 amps","MatCost":50,"Inventory":30},{"ID":"MAT008","MatDescription":"Water tap","MatCost":125,"Inventory":40},{"ID":"MAT009","MatDescription":"Refrigerator","MatCost":1000,"Inventory":3},{"ID":"MAT010","MatDescription":"Stove","MatCost":600,"Inventory":3},{"ID":"MAT011","MatDescription":"Garage door","MatCost":1000,"Inventory":30},{"ID":"MAT012","MatDescription":"Bulbs LED","MatCost":10,"Inventory":1225},{"ID":"MAT013","MatDescription":"Bulbs fixture","MatCost":30,"Inventory":15},{"ID":"MAT014","MatDescription":"Fertilizer","MatCost":30,"Inventory":50},{"ID":"MAT015","MatDescription":"Bulbs CFL","MatCost":8,"Inventory":125},{"ID":"MAT016","MatDescription":"Door","MatCost":100,"Inventory":58},{"ID":"MAT017","MatDescription":"Window","MatCost":200,"Inventory":25},{"ID":"MAT018","MatDescription":"Copper pipe","MatCost":10,"Inventory":35},{"ID":"MAT019","MatDescription":"PVC pipe 1/2 inch","MatCost":10,"Inventory":58},{"ID":"MAT020","MatDescription":"PVC pipe 1 inch","MatCost":15,"Inventory":74}],"PReqsSet":[{"ID":"PR001","VENDORID":521540,"VENDORNAME":"PRESTON BUILDING SERVICES","VENCODE":"521540 PRESTON BUILDING SERVICES","SERVICE":30101,"SERVICENAME":"SNOW REMOVAL","SERVCODE":"30101 SNOW REMOVAL","PGRP":"100 - Kevin"},{"ID":"PR002","VENDORID":521541,"VENDORNAME":"BOWLER HVAC","VENCODE":"521541 BOWLER HVAC","SERVICE":30102,"SERVICENAME":"WINDOW CLEANING","SERVCODE":"30102 WINDOW CLEANING","PGRP":"101 - Susma"},{"ID":"PR003","VENDORID":521542,"VENDORNAME":"NEPEAN FORESTRY","VENCODE":"521542 NEPEAN FORESTRY","SERVICE":30103,"SERVICENAME":"CARPET CLEANING","SERVCODE":"30103 CARPET CLEANING","PGRP":"102 - Naima"},{"ID":"PR004","VENDORID":521543,"VENDORNAME":"CANDO PLUMBING","VENCODE":"521543 CANDO PLUMBING","SERVICE":30104,"SERVICENAME":"GARBAGE REMOVAL","SERVCODE":"30104 GARBAGE REMOVAL","PGRP":"103 - Norman"},{"ID":"PR005","VENDORID":521544,"VENDORNAME":"CCP CEMENT COMPANY","VENCODE":"521544 CCP CEMENT COMPANY","SERVICE":30105,"SERVICENAME":"SAFETY INSPECTION","SERVCODE":"30105 SAFETY INSPECTION","PGRP":null},{"ID":"PR006","VENDORID":521545,"VENDORNAME":"OTTAWA APPLIANCES","VENCODE":"521545 OTTAWA APPLIANCES","SERVICE":30106,"SERVICENAME":"ELECTRICAL INSPECTION","SERVCODE":"30106 ELECTRICAL INSPECTION","PGRP":null},{"ID":"PR007","VENDORID":521546,"VENDORNAME":"RIVERSIDE ELECTRIC CO","VENCODE":"521546 RIVERSIDE ELECTRIC CO","SERVICE":30107,"SERVICENAME":"ENGINEERING SERVICE","SERVCODE":"30107 ENGINEERING SERVICE","PGRP":null},{"ID":"PR008","VENDORID":521547,"VENDORNAME":"UNITED BUILDING PRODUCTS","VENCODE":"521547 UNITED BUILDING PRODUCTS","SERVICE":30108,"SERVICENAME":"FIRE INSPECTION SERVICE","SERVCODE":"30108 FIRE INSPECTION SERVICE","PGRP":null},{"ID":"PR009","VENDORID":521548,"VENDORNAME":"NATIONAL APPLIANCE","VENCODE":"521548 NATIONAL APPLIANCE","SERVICE":30109,"SERVICENAME":"TREE REMOVAL","SERVCODE":"30109 TREE REMOVAL","PGRP":null},{"ID":"PR010","VENDORID":521549,"VENDORNAME":"CARLOS KITCHEN","VENCODE":"521549 CARLOS KITCHEN","SERVICE":30110,"SERVICENAME":"LAND SCAPING","SERVCODE":"30110 LAND SCAPING","PGRP":null},{"ID":"PR011","VENDORID":521550,"VENDORNAME":"OTTAWA WINDOWS","VENCODE":"521550 OTTAWA WINDOWS","SERVICE":30111,"SERVICENAME":"MISC ADHOC SERVICE","SERVCODE":"30111 MISC ADHOC SERVICE","PGRP":null},{"ID":"PR012","VENDORID":521550,"VENDORNAME":"CENTERPOINT CLEANERS","VENCODE":"521550 CENTERPOINT CLEANERS","SERVICE":null,"SERVICENAME":null,"SERVCODE":" ","PGRP":null}],"QuerySet":[{"ID":"Meeting Room Booking"},{"ID":"Meeting Room Status"},{"ID":"Payment Query"},{"ID":"Amenities Query"},{"ID":"Other"}],"MeetingRoomSet":[{"ID":"Meeting Room 1"},{"ID":"Meeting Room 2"},{"ID":"Meeting Room 3"},{"ID":"Meeting Room 4"},{"ID":"Meeting Room 5"}],"BuildingSet":[{"ID":"North Building"},{"ID":"South Building"},{"ID":"West Building"},{"ID":"East Building"}],"MeetingRoomInventorySet":[{"ID":"Notepad","Quantity":15},{"ID":"Water Bottles","Quantity":20},{"ID":"Pen","Quantity":25},{"ID":"Pencils","Quantity":10},{"ID":"Marker","Quantity":5},{"ID":"Diary","Quantity":8},{"ID":"Computers","Quantity":6}]}}